candidate_id,age,gender,education,years_experience,assessment_score,referral_source,role_applied,hired,skills_score,interview_score,projects_count,certifications_count,employment_gap_months,job_role,application_source,company_tier,college_tier,zip_code
CAND-001,24,Female,Master,3,57,Company Website,QA Engineer,0,86,47,0,2,0,tech,referral,2,3,59950
CAND-002,50,Male,Master,9,60,LinkedIn,Data Scientist,0,49,30,4,3,12,tech,portal,1,3,66361
CAND-003,45,Male,Bachelor,5,60,Company Website,Software Engineer,1,95,76,6,4,3,management,recruiter,3,3,71451
CAND-004,37,Female,Bachelor,10,67,LinkedIn,QA Engineer,0,55,67,11,4,0,non-tech,recruiter,2,2,47696
CAND-005,37,Female,Master,8,63,Employee Referral,Software Engineer,1,58,80,3,4,0,tech,referral,2,3,91641
CAND-006,53,Female,High School,9,54,Employee Referral,Software Engineer,0,37,92,3,3,0,tech,referral,2,3,78226
CAND-007,24,Non-binary,Bachelor,4,50,LinkedIn,QA Engineer,0,56,33,3,4,0,tech,recruiter,2,3,56728
CAND-008,47,Female,Bachelor,11,51,LinkedIn,Data Scientist,0,87,30,11,0,3,non-tech,recruiter,1,4,65401
CAND-009,28,Male,Master,2,47,Company Website,HR Analyst,0,36,37,5,4,0,tech,recruiter,2,4,76226
CAND-010,24,Male,High School,4,45,Employee Referral,Product Manager,0,64,58,6,1,0,non-tech,referral,2,5,35103
CAND-011,41,Male,Bachelor,6,47,Employee Referral,Product Manager,1,72,84,1,3,0,management,referral,2,2,44263
CAND-012,58,Female,Bachelor,16,72,Employee Referral,Data Scientist,0,36,32,4,1,36,tech,referral,3,1,86621
CAND-013,48,Male,Bachelor,10,70,Company Website,Software Engineer,1,98,61,3,4,6,tech,portal,2,3,60044
CAND-014,49,Female,High School,9,49,LinkedIn,HR Analyst,0,94,39,2,0,6,tech,referral,1,4,67730
CAND-015,48,Male,Bachelor,13,67,Company Website,Software Engineer,0,55,63,6,2,0,tech,recruiter,1,3,35825
CAND-016,50,Male,Bachelor,6,47,LinkedIn,Data Scientist,1,67,84,10,4,6,tech,referral,1,4,86256
CAND-017,40,Male,Bachelor,11,59,Employee Referral,Software Engineer,1,92,61,11,0,6,tech,referral,1,3,47271
CAND-018,25,Male,High School,1,41,LinkedIn,Software Engineer,0,56,79,5,3,3,management,referral,2,5,87256
CAND-019,52,Female,Bachelor,18,75,LinkedIn,Product Manager,0,83,36,6,1,36,tech,portal,1,5,56732
CAND-020,38,Male,Bachelor,6,50,Company Website,QA Engineer,0,93,37,4,1,0,tech,referral,1,1,76433
CAND-021,40,Female,High School,12,68,Company Website,QA Engineer,1,76,94,5,1,24,management,recruiter,1,3,92630
CAND-022,35,Male,Master,5,55,Company Website,QA Engineer,1,94,86,4,3,18,non-tech,portal,1,3,33572
CAND-023,27,Female,Bachelor,9,54,Company Website,Data Scientist,0,49,88,6,0,0,tech,portal,1,2,48546
CAND-024,56,Female,Master,17,62,Recruiter,Data Scientist,1,96,83,1,3,0,non-tech,recruiter,1,3,25150
CAND-025,50,Female,PhD,11,68,Employee Referral,Software Engineer,1,96,80,10,1,24,tech,portal,2,3,64165
CAND-026,45,Female,High School,4,57,Employee Referral,QA Engineer,0,81,37,4,4,0,non-tech,portal,2,2,73690
CAND-027,36,Female,Bachelor,9,61,Company Website,Data Scientist,0,96,63,5,2,3,non-tech,recruiter,1,3,63664
CAND-028,52,Male,Master,11,82,Company Website,Product Manager,0,85,64,5,3,24,non-tech,referral,2,3,92335
CAND-029,41,Male,Bachelor,10,72,Company Website,Software Engineer,1,89,61,4,3,3,tech,referral,2,1,85199
CAND-030,37,Female,Bachelor,7,54,Company Website,QA Engineer,1,98,75,9,0,0,non-tech,recruiter,1,3,46948
CAND-031,38,Female,Bachelor,8,55,LinkedIn,QA Engineer,0,37,45,6,0,3,tech,portal,1,2,47030
CAND-032,29,Female,High School,4,54,Company Website,QA Engineer,0,85,66,9,3,0,tech,referral,2,4,37007
CAND-033,24,Male,Bachelor,0,41,LinkedIn,Software Engineer,0,41,83,7,1,3,tech,referral,2,2,86772
CAND-034,42,Female,PhD,7,70,LinkedIn,HR Analyst,0,55,43,6,2,0,tech,recruiter,1,4,32024
CAND-035,54,Female,PhD,9,66,Employee Referral,Software Engineer,0,73,84,4,0,3,tech,referral,1,3,49384
CAND-036,23,Female,High School,5,53,LinkedIn,Data Scientist,0,52,77,0,1,3,non-tech,referral,3,2,92912
CAND-037,53,Male,Master,19,80,Company Website,Software Engineer,0,38,36,4,4,6,management,referral,1,3,28157
CAND-038,52,Female,Bachelor,16,82,Company Website,Software Engineer,0,94,36,9,0,3,tech,referral,1,3,95481
CAND-039,31,Male,Master,5,58,LinkedIn,Product Manager,0,48,62,1,1,3,tech,recruiter,3,3,98553
CAND-040,45,Male,High School,9,55,Recruiter,Software Engineer,0,43,52,4,1,3,tech,referral,3,3,11756
CAND-041,27,Male,Master,3,66,LinkedIn,Data Scientist,0,87,48,4,2,0,tech,referral,2,3,78112
CAND-042,49,Male,Master,12,73,Recruiter,Product Manager,0,36,48,1,2,3,tech,referral,2,2,68051
CAND-043,47,Male,High School,8,52,Employee Referral,QA Engineer,1,94,65,4,4,0,management,referral,1,1,74595
CAND-044,34,Female,High School,2,48,LinkedIn,Product Manager,0,78,58,3,1,18,tech,referral,1,4,88210
CAND-045,23,Male,Master,3,56,LinkedIn,Product Manager,0,42,89,0,1,0,tech,recruiter,2,3,53094
CAND-046,57,Male,High School,8,58,LinkedIn,Software Engineer,0,81,31,2,2,0,tech,referral,1,3,97889
CAND-047,37,Female,Bachelor,9,48,Company Website,QA Engineer,0,69,30,0,0,3,management,recruiter,2,4,14535
CAND-048,54,Male,Master,9,49,LinkedIn,Software Engineer,1,70,76,11,0,0,non-tech,recruiter,3,3,66035
CAND-049,46,Female,Bachelor,6,48,Recruiter,Software Engineer,0,84,49,10,3,0,management,referral,3,4,57367
CAND-050,50,Male,Bachelor,14,58,LinkedIn,Software Engineer,0,38,40,4,2,3,non-tech,referral,1,3,27118
CAND-051,49,Male,Bachelor,14,60,Employee Referral,Product Manager,0,36,31,3,3,3,tech,recruiter,2,1,69812
CAND-052,28,Male,High School,5,56,LinkedIn,Data Scientist,0,40,41,6,2,6,tech,referral,2,5,69884
CAND-053,34,Male,PhD,4,56,Recruiter,Product Manager,0,88,49,4,4,0,non-tech,recruiter,3,3,76168
CAND-054,38,Male,Bachelor,8,60,LinkedIn,Data Scientist,0,38,34,9,1,3,tech,referral,1,4,23280
CAND-055,39,Male,Bachelor,9,49,Company Website,Data Scientist,0,88,66,3,4,0,non-tech,referral,1,2,24746
CAND-056,22,Male,Bachelor,0,44,Company Website,Data Scientist,0,97,67,1,2,3,tech,portal,1,3,63251
CAND-057,41,Female,PhD,8,67,LinkedIn,Software Engineer,0,52,38,3,1,3,tech,referral,2,4,94821
CAND-058,26,Male,High School,2,52,Employee Referral,Data Scientist,1,78,82,11,0,3,non-tech,recruiter,2,1,93583
CAND-059,49,Male,Master,10,57,LinkedIn,Product Manager,0,68,73,1,0,0,non-tech,referral,2,4,20207
CAND-060,46,Female,Master,9,63,Company Website,Product Manager,1,96,53,7,3,0,non-tech,referral,2,3,81127
CAND-061,56,Female,Master,21,94,Company Website,Software Engineer,0,48,59,2,2,0,tech,recruiter,1,3,37757
CAND-062,49,Male,PhD,9,63,Company Website,Product Manager,1,82,88,8,2,0,non-tech,referral,2,3,26226
CAND-063,34,Female,Master,7,54,LinkedIn,Data Scientist,0,49,43,3,0,0,tech,referral,1,4,71407
CAND-064,57,Female,Master,14,67,LinkedIn,Software Engineer,0,96,38,5,4,3,tech,recruiter,3,1,37206
CAND-065,36,Female,High School,5,52,LinkedIn,Software Engineer,0,74,69,9,1,0,tech,referral,3,2,30256
CAND-066,33,Female,Master,12,64,LinkedIn,Data Scientist,0,87,54,4,4,18,tech,portal,3,4,43822
CAND-067,55,Female,Bachelor,8,58,LinkedIn,Data Scientist,0,58,51,9,4,0,tech,referral,3,4,51340
CAND-068,35,Male,Bachelor,8,46,Recruiter,Product Manager,0,60,33,0,0,6,tech,referral,1,1,62234
CAND-069,23,Female,Master,1,44,Company Website,Software Engineer,0,94,55,8,0,3,tech,portal,1,3,53351
CAND-070,38,Male,PhD,10,63,Company Website,QA Engineer,1,75,87,0,0,0,tech,referral,2,3,58671
CAND-071,51,Male,Master,9,60,LinkedIn,Software Engineer,0,63,58,7,3,0,tech,referral,3,3,85320
CAND-072,28,Female,Bachelor,3,47,LinkedIn,Product Manager,0,49,66,8,4,3,tech,portal,1,2,45157
CAND-073,38,Female,Bachelor,11,60,Company Website,QA Engineer,0,79,47,8,2,0,tech,referral,1,3,29937
CAND-074,25,Male,Bachelor,3,52,LinkedIn,Data Scientist,1,99,71,0,1,18,non-tech,portal,3,2,64290
CAND-075,47,Female,Bachelor,8,65,LinkedIn,Software Engineer,0,43,70,1,3,3,tech,referral,1,4,56707
CAND-076,39,Female,Bachelor,8,57,Company Website,Data Scientist,0,35,67,11,2,18,tech,recruiter,2,4,21219
CAND-077,33,Male,High School,5,54,Company Website,HR Analyst,0,42,63,0,4,0,tech,referral,2,3,19399
CAND-078,29,Non-binary,High School,3,44,Recruiter,HR Analyst,0,97,46,9,0,6,non-tech,portal,1,2,37657
CAND-079,42,Male,Master,7,64,LinkedIn,Software Engineer,0,45,66,1,4,3,management,portal,1,2,30047
CAND-080,46,Female,Bachelor,7,60,Company Website,QA Engineer,0,42,54,9,1,6,non-tech,portal,2,3,86095
CAND-081,56,Male,Master,20,82,LinkedIn,Data Scientist,1,69,56,11,3,0,non-tech,referral,2,4,95693
CAND-082,37,Male,Bachelor,5,60,LinkedIn,Software Engineer,1,69,86,7,3,3,tech,portal,3,3,82154
CAND-083,27,Female,High School,1,51,Employee Referral,Product Manager,0,67,60,4,1,0,non-tech,referral,2,3,54891
CAND-084,52,Male,High School,6,52,LinkedIn,Data Scientist,0,39,35,11,2,6,non-tech,portal,1,3,16780
CAND-085,44,Female,Bachelor,8,60,Company Website,Data Scientist,0,75,69,10,2,0,tech,recruiter,2,3,37050
CAND-086,47,Female,PhD,12,76,Company Website,QA Engineer,0,62,41,6,3,18,tech,portal,2,1,83551
CAND-087,24,Male,Bachelor,4,48,LinkedIn,Data Scientist,0,41,82,1,3,0,tech,portal,1,1,78666
CAND-088,32,Female,Bachelor,6,50,Recruiter,Product Manager,0,46,39,7,0,12,management,recruiter,2,2,92016
CAND-089,50,Female,Master,9,63,Company Website,Data Scientist,0,68,74,10,2,12,non-tech,portal,1,3,63010
CAND-090,52,Male,PhD,8,65,Employee Referral,Software Engineer,0,67,46,5,1,12,non-tech,portal,1,4,48165
CAND-091,37,Non-binary,Bachelor,3,45,Company Website,Data Scientist,0,82,55,7,2,3,tech,referral,1,4,21528
CAND-092,51,Male,High School,5,51,Recruiter,HR Analyst,0,57,91,0,0,0,tech,referral,2,2,59608
CAND-093,52,Male,High School,11,58,LinkedIn,Data Scientist,1,96,75,0,3,36,tech,referral,2,2,15914
CAND-094,35,Non-binary,High School,2,35,Company Website,Software Engineer,1,71,93,11,3,0,tech,portal,2,2,47136
CAND-095,55,Female,Bachelor,17,67,Employee Referral,Product Manager,0,78,31,6,0,3,non-tech,referral,2,3,21179
CAND-096,31,Female,Bachelor,5,53,LinkedIn,HR Analyst,1,69,83,7,1,3,non-tech,portal,3,3,96008
CAND-097,30,Female,Master,8,59,Company Website,HR Analyst,1,99,94,2,3,6,tech,portal,1,3,22076
CAND-098,46,Female,Bachelor,12,74,Recruiter,Product Manager,1,81,80,4,4,0,non-tech,recruiter,1,2,34783
CAND-099,45,Male,Bachelor,8,48,Company Website,Data Scientist,0,37,82,11,3,3,tech,referral,1,2,56716
CAND-100,26,Female,Bachelor,0,41,Employee Referral,Product Manager,0,35,65,0,4,12,management,portal,1,1,60298
CAND-101,52,Male,Master,9,41,Company Website,QA Engineer,0,39,55,6,0,0,tech,referral,2,2,64304
CAND-102,28,Female,Bachelor,5,50,Employee Referral,QA Engineer,0,48,58,4,0,18,tech,portal,2,4,89360
CAND-103,51,Female,Master,10,60,Employee Referral,QA Engineer,0,61,50,7,3,0,tech,recruiter,2,2,79835
CAND-104,21,Male,Master,3,50,Company Website,Data Scientist,0,43,40,7,2,0,tech,portal,1,3,18118
CAND-105,51,Female,Bachelor,8,67,LinkedIn,Software Engineer,0,49,69,8,4,0,tech,portal,2,3,86292
CAND-106,50,Female,High School,9,63,LinkedIn,Product Manager,0,76,40,6,1,0,non-tech,referral,2,4,66911
CAND-107,50,Female,Bachelor,9,60,Company Website,Software Engineer,0,85,65,10,3,18,management,referral,1,4,83489
CAND-108,46,Male,Bachelor,11,59,Employee Referral,Software Engineer,1,97,88,0,1,0,non-tech,referral,2,4,25185
CAND-109,38,Male,Master,11,72,Company Website,Data Scientist,1,86,68,2,3,0,tech,portal,3,1,51792
CAND-110,47,Male,Bachelor,3,52,LinkedIn,Product Manager,0,38,83,7,2,0,non-tech,portal,2,3,90210
CAND-111,31,Female,Master,3,48,LinkedIn,QA Engineer,0,57,84,2,2,3,tech,referral,2,4,60613
CAND-112,50,Female,Bachelor,5,41,Company Website,QA Engineer,0,49,53,7,2,3,tech,portal,2,1,43927
CAND-113,42,Male,Bachelor,7,53,Employee Referral,QA Engineer,0,77,51,0,2,0,non-tech,recruiter,1,3,10386
CAND-114,38,Male,Bachelor,5,60,LinkedIn,QA Engineer,0,63,85,4,0,0,non-tech,portal,2,4,82728
CAND-115,40,Male,Bachelor,5,72,Company Website,Product Manager,0,70,62,3,0,18,tech,referral,1,3,86281
CAND-116,42,Male,Bachelor,7,57,Employee Referral,Software Engineer,0,47,65,4,4,0,tech,referral,1,1,40020
CAND-117,22,Male,Bachelor,2,44,Recruiter,Product Manager,0,66,49,7,1,0,management,portal,2,1,52678
CAND-118,26,Female,Bachelor,0,39,LinkedIn,Software Engineer,1,93,91,9,3,0,tech,referral,3,3,96695
CAND-119,30,Female,Master,4,60,Recruiter,Software Engineer,0,62,55,3,3,6,tech,recruiter,2,2,71394
CAND-120,25,Male,High School,6,38,Company Website,Software Engineer,1,76,69,10,0,0,non-tech,portal,2,3,78945
CAND-121,37,Female,Master,3,59,Employee Referral,QA Engineer,0,79,46,3,3,3,tech,recruiter,3,4,66414
CAND-122,46,Male,Bachelor,7,63,LinkedIn,QA Engineer,0,96,30,2,0,0,tech,referral,3,2,64816
CAND-123,45,Male,High School,10,61,Company Website,HR Analyst,1,91,90,6,4,36,tech,portal,2,4,65918
CAND-124,38,Male,Bachelor,5,52,Company Website,HR Analyst,0,40,72,2,1,0,non-tech,referral,1,3,72694
CAND-125,53,Male,Bachelor,9,64,LinkedIn,HR Analyst,0,62,71,11,4,6,non-tech,portal,3,2,39455
CAND-126,42,Male,Bachelor,9,61,Company Website,Software Engineer,0,62,54,2,2,0,non-tech,referral,1,4,48735
CAND-127,24,Male,Bachelor,2,44,Company Website,QA Engineer,1,78,68,10,2,0,management,recruiter,2,4,22109
CAND-128,50,Male,PhD,14,84,Company Website,QA Engineer,0,64,64,9,2,6,non-tech,recruiter,1,3,55802
CAND-129,42,Male,Bachelor,7,54,LinkedIn,QA Engineer,0,96,32,4,4,0,tech,recruiter,2,4,78020
CAND-130,45,Female,Bachelor,10,67,Company Website,Software Engineer,1,96,73,4,3,12,tech,recruiter,1,4,44622
CAND-131,42,Male,Bachelor,11,42,LinkedIn,Software Engineer,0,35,80,5,1,18,non-tech,referral,2,4,12597
CAND-132,42,Male,High School,7,64,Recruiter,HR Analyst,0,61,41,7,2,12,non-tech,portal,2,3,50597
CAND-133,24,Female,Bachelor,5,66,Recruiter,Software Engineer,0,96,48,9,2,0,non-tech,referral,1,4,50954
CAND-134,42,Female,Bachelor,4,53,LinkedIn,Data Scientist,0,37,73,5,2,6,non-tech,portal,2,5,79519
CAND-135,51,Male,Bachelor,7,61,LinkedIn,Data Scientist,1,61,88,11,1,0,tech,referral,3,4,66115
CAND-136,32,Male,High School,6,57,LinkedIn,Software Engineer,0,43,78,0,2,12,tech,referral,3,2,53151
CAND-137,43,Female,PhD,13,63,Company Website,Software Engineer,1,96,90,7,1,3,tech,portal,1,3,27040
CAND-138,22,Female,Bachelor,0,52,Employee Referral,HR Analyst,0,71,46,7,2,12,tech,portal,2,3,54772
CAND-139,34,Female,Master,9,55,Company Website,QA Engineer,1,85,86,8,4,0,tech,portal,2,2,73832
CAND-140,37,Female,Bachelor,6,51,LinkedIn,HR Analyst,1,78,84,8,4,3,non-tech,referral,2,5,37916
CAND-141,58,Male,High School,11,68,LinkedIn,Software Engineer,0,58,76,1,1,0,non-tech,referral,1,2,54871
CAND-142,29,Female,Master,8,68,LinkedIn,Software Engineer,0,93,41,1,4,6,tech,referral,2,2,36372
CAND-143,31,Female,Bachelor,10,55,Employee Referral,Data Scientist,1,66,91,2,1,0,tech,referral,3,5,71707
CAND-144,36,Male,Master,7,53,Company Website,Data Scientist,0,86,37,0,4,3,tech,referral,2,3,49080
CAND-145,58,Female,Bachelor,18,65,Company Website,Software Engineer,0,96,50,3,4,6,tech,portal,2,1,52722
CAND-146,53,Female,Bachelor,16,74,LinkedIn,QA Engineer,0,92,54,3,1,3,non-tech,portal,2,3,39048
CAND-147,22,Male,Master,0,43,Recruiter,HR Analyst,0,86,41,8,3,0,non-tech,referral,1,3,95205
CAND-148,29,Male,Bachelor,0,51,LinkedIn,Data Scientist,0,46,44,8,4,3,non-tech,referral,2,1,19777
CAND-149,52,Non-binary,Bachelor,8,64,Employee Referral,Data Scientist,1,73,88,8,2,0,non-tech,portal,2,5,64711
CAND-150,23,Male,Bachelor,1,49,Recruiter,Data Scientist,0,36,55,9,3,0,non-tech,portal,1,3,46331
CAND-151,53,Male,Bachelor,10,69,Company Website,Software Engineer,0,37,55,6,1,0,tech,portal,3,3,30968
CAND-152,31,Male,PhD,6,57,Recruiter,Software Engineer,1,90,76,1,3,0,tech,referral,1,3,63969
CAND-153,55,Male,Bachelor,16,66,LinkedIn,Data Scientist,1,93,61,9,0,0,tech,portal,3,3,21292
CAND-154,32,Male,Bachelor,3,44,Employee Referral,Data Scientist,0,36,39,4,0,6,management,referral,2,2,50794
CAND-155,37,Non-binary,Master,7,67,LinkedIn,Product Manager,0,36,45,3,4,0,tech,recruiter,1,2,89459
CAND-156,46,Male,Bachelor,11,56,Company Website,QA Engineer,1,88,46,11,4,0,tech,portal,2,3,60192
CAND-157,25,Male,Master,0,53,LinkedIn,Software Engineer,0,35,52,10,2,18,management,recruiter,2,4,37703
CAND-158,42,Female,Bachelor,9,59,LinkedIn,Software Engineer,0,53,55,7,3,0,management,referral,1,1,94193
CAND-159,40,Male,Bachelor,5,46,LinkedIn,Software Engineer,0,36,36,1,0,3,non-tech,referral,2,3,79165
CAND-160,50,Female,Master,16,66,LinkedIn,Software Engineer,0,87,43,5,4,6,tech,referral,2,4,77650
CAND-161,58,Male,High School,18,79,Company Website,Product Manager,0,78,36,4,3,24,tech,referral,2,2,66516
CAND-162,46,Male,Bachelor,15,68,Company Website,QA Engineer,0,66,38,11,4,6,tech,referral,1,1,32257
CAND-163,36,Non-binary,Bachelor,8,50,LinkedIn,HR Analyst,0,66,77,1,4,6,tech,referral,2,3,93509
CAND-164,36,Non-binary,Master,4,58,Recruiter,Product Manager,1,89,88,10,0,12,tech,portal,1,3,61672
CAND-165,36,Female,Master,9,61,Recruiter,Data Scientist,0,90,68,9,0,0,tech,portal,2,2,73308
CAND-166,51,Male,Bachelor,5,82,LinkedIn,Software Engineer,0,51,47,0,4,12,management,portal,1,3,87583
CAND-167,33,Male,High School,5,54,Company Website,Data Scientist,1,72,88,7,1,0,tech,portal,3,3,32113
CAND-168,27,Female,PhD,4,54,Company Website,Data Scientist,0,58,46,1,4,18,non-tech,portal,2,3,10694
CAND-169,33,Female,High School,5,63,Employee Referral,QA Engineer,0,45,43,6,4,0,non-tech,portal,2,2,25588
CAND-170,21,Female,Bachelor,3,37,Company Website,Data Scientist,0,50,60,8,2,3,tech,referral,2,3,71756
CAND-171,25,Male,Bachelor,0,49,Employee Referral,Software Engineer,0,93,53,8,2,0,non-tech,recruiter,1,4,74085
CAND-172,24,Male,Bachelor,0,64,LinkedIn,Software Engineer,0,37,89,7,2,6,tech,recruiter,1,5,71142
CAND-173,50,Non-binary,Master,15,68,LinkedIn,Software Engineer,0,54,74,10,1,0,tech,referral,3,4,74373
CAND-174,48,Male,Master,7,45,Employee Referral,HR Analyst,0,93,32,11,1,12,non-tech,referral,3,3,95603
CAND-175,47,Non-binary,Master,16,67,Company Website,Software Engineer,0,70,66,9,4,12,tech,recruiter,1,3,16704
CAND-176,38,Female,High School,8,67,Employee Referral,Software Engineer,0,53,72,8,2,0,management,referral,2,3,50136
CAND-177,48,Male,Bachelor,3,55,LinkedIn,Software Engineer,0,53,69,1,1,12,tech,portal,2,2,77507
CAND-178,27,Female,Bachelor,6,49,LinkedIn,QA Engineer,0,54,84,5,0,6,non-tech,recruiter,2,2,57361
CAND-179,55,Male,High School,12,55,LinkedIn,Data Scientist,1,86,68,3,4,3,tech,referral,1,3,68847
CAND-180,40,Male,Bachelor,10,56,LinkedIn,Product Manager,0,67,44,3,3,0,tech,referral,1,2,21441
CAND-181,56,Male,Bachelor,14,68,LinkedIn,Data Scientist,0,74,33,4,4,0,tech,portal,1,2,24677
CAND-182,26,Male,High School,8,66,Company Website,Software Engineer,0,73,54,11,3,0,non-tech,portal,3,5,37818
CAND-183,39,Female,Bachelor,5,63,Company Website,QA Engineer,0,35,42,2,2,0,non-tech,recruiter,2,2,11868
CAND-184,47,Female,Master,7,63,Employee Referral,Software Engineer,0,45,62,0,3,18,non-tech,referral,2,2,93591
CAND-185,39,Female,High School,9,46,Company Website,Software Engineer,0,91,45,7,2,0,tech,portal,3,1,77264
CAND-186,37,Female,Bachelor,6,45,LinkedIn,Product Manager,0,84,71,4,0,12,non-tech,portal,2,3,83168
CAND-187,27,Male,Master,5,61,Employee Referral,Software Engineer,0,57,84,2,3,0,non-tech,referral,3,3,22043
CAND-188,35,Male,Master,11,53,LinkedIn,Software Engineer,0,65,71,9,4,3,non-tech,referral,2,3,81939
CAND-189,30,Male,Master,3,52,Employee Referral,QA Engineer,0,76,63,6,2,6,tech,portal,1,3,25732
CAND-190,32,Male,Bachelor,7,59,LinkedIn,Data Scientist,0,41,59,6,4,18,non-tech,recruiter,3,4,65244
CAND-191,46,Male,Master,6,49,Company Website,Software Engineer,0,50,42,0,1,0,non-tech,portal,2,4,28526
CAND-192,44,Male,Bachelor,6,47,Recruiter,Data Scientist,0,94,42,11,2,0,tech,portal,1,5,19340
CAND-193,44,Female,Bachelor,6,55,Company Website,QA Engineer,0,36,47,8,3,0,non-tech,referral,2,4,32394
CAND-194,34,Female,High School,4,54,Company Website,Software Engineer,0,35,61,1,2,0,non-tech,portal,1,3,14102
CAND-195,57,Male,Bachelor,15,75,Employee Referral,Software Engineer,1,82,68,4,4,0,tech,recruiter,2,2,29159
CAND-196,24,Male,Bachelor,2,55,LinkedIn,Product Manager,0,46,75,4,0,0,tech,referral,3,1,75092
CAND-197,34,Female,Bachelor,3,52,Employee Referral,Product Manager,0,71,58,7,2,0,tech,recruiter,3,1,16212
CAND-198,25,Male,Master,2,47,Recruiter,HR Analyst,1,66,91,7,3,6,non-tech,portal,3,3,47405
CAND-199,33,Male,Bachelor,1,41,Recruiter,Data Scientist,0,43,91,6,1,0,non-tech,portal,1,4,87061
CAND-200,57,Female,Bachelor,11,58,Company Website,Software Engineer,1,53,86,6,0,0,tech,portal,2,3,65186
CAND-201,34,Female,High School,9,60,LinkedIn,Data Scientist,0,82,45,11,1,0,non-tech,referral,1,1,54239
CAND-202,55,Male,Bachelor,9,62,Employee Referral,Product Manager,1,37,85,10,2,6,management,referral,3,3,20532
CAND-203,39,Male,Bachelor,6,39,Company Website,Software Engineer,0,54,39,5,4,12,tech,recruiter,2,5,89054
CAND-204,47,Female,Bachelor,11,55,LinkedIn,Product Manager,0,58,59,5,4,3,management,referral,2,3,82012
CAND-205,38,Male,Bachelor,12,73,LinkedIn,Software Engineer,1,88,54,10,3,6,management,recruiter,2,4,95279
CAND-206,31,Female,Master,7,60,LinkedIn,QA Engineer,0,67,34,8,4,0,non-tech,referral,2,4,76540
CAND-207,50,Male,Master,10,52,Company Website,QA Engineer,1,58,94,5,0,3,non-tech,portal,2,5,13271
CAND-208,57,Female,Bachelor,12,82,LinkedIn,Data Scientist,1,70,78,11,4,0,management,portal,3,4,55482
CAND-209,31,Male,Bachelor,2,50,LinkedIn,HR Analyst,0,72,32,1,3,0,non-tech,referral,3,4,10209
CAND-210,50,Female,Master,13,70,LinkedIn,HR Analyst,0,59,74,1,2,6,tech,portal,1,2,15539
CAND-211,30,Female,PhD,2,58,Recruiter,Software Engineer,0,52,43,4,2,18,non-tech,portal,2,1,29977
CAND-212,48,Male,Bachelor,14,63,LinkedIn,Data Scientist,1,88,59,3,4,0,non-tech,referral,3,3,84142
CAND-213,50,Female,Master,6,52,LinkedIn,Product Manager,0,69,47,10,1,3,non-tech,recruiter,1,2,78684
CAND-214,38,Female,Master,5,74,Company Website,Software Engineer,1,95,91,1,2,3,tech,portal,2,5,15607
CAND-215,49,Female,Master,7,67,LinkedIn,Data Scientist,0,75,66,2,4,0,non-tech,recruiter,1,2,95122
CAND-216,31,Male,Bachelor,6,62,Recruiter,Software Engineer,0,67,54,6,3,0,tech,recruiter,2,4,61939
CAND-217,24,Male,High School,2,52,Recruiter,HR Analyst,0,67,77,7,4,0,management,referral,1,3,28594
CAND-218,24,Non-binary,High School,4,42,Company Website,Data Scientist,0,48,94,11,2,0,tech,portal,2,3,68382
CAND-219,37,Female,Bachelor,6,66,Company Website,QA Engineer,0,55,82,5,3,0,tech,portal,1,5,17399
CAND-220,55,Female,Bachelor,12,56,Company Website,Data Scientist,0,82,44,10,4,0,tech,referral,2,3,35117
CAND-221,25,Female,Bachelor,4,55,LinkedIn,Software Engineer,0,54,78,4,0,0,tech,referral,3,3,43617
CAND-222,38,Male,Bachelor,9,46,LinkedIn,QA Engineer,0,42,41,0,3,6,non-tech,recruiter,3,2,17498
CAND-223,47,Non-binary,Bachelor,10,44,LinkedIn,Software Engineer,0,41,88,7,0,3,management,referral,3,3,60624
CAND-224,28,Male,Master,4,58,LinkedIn,Software Engineer,0,51,66,2,1,36,non-tech,portal,2,2,19628
CAND-225,48,Male,High School,10,51,Company Website,Data Scientist,1,67,90,5,3,0,tech,portal,1,3,10329
CAND-226,32,Female,Bachelor,9,43,LinkedIn,Product Manager,0,82,72,2,0,6,tech,referral,1,3,48619
CAND-227,51,Male,Master,10,67,LinkedIn,Data Scientist,1,93,68,6,2,12,non-tech,portal,3,4,17032
CAND-228,43,Male,Master,9,79,Company Website,Software Engineer,1,56,85,6,2,3,management,portal,2,4,58094
CAND-229,41,Female,PhD,15,82,Company Website,Data Scientist,1,64,92,11,1,0,tech,referral,1,3,48034
CAND-230,27,Female,Master,6,56,LinkedIn,Software Engineer,1,72,75,8,3,6,tech,portal,2,3,96158
CAND-231,38,Female,Master,8,61,LinkedIn,Software Engineer,0,85,40,4,3,0,tech,portal,1,4,65264
CAND-232,53,Female,Bachelor,11,69,LinkedIn,Data Scientist,1,88,91,7,3,0,management,referral,1,3,57850
CAND-233,21,Female,Bachelor,0,57,LinkedIn,Software Engineer,0,42,54,9,1,3,non-tech,portal,3,3,14722
CAND-234,49,Female,Bachelor,8,55,Employee Referral,Software Engineer,1,61,81,9,3,3,tech,portal,3,3,27772
CAND-235,39,Male,Bachelor,8,58,Recruiter,Product Manager,0,61,33,7,2,0,tech,referral,2,4,96105
CAND-236,48,Female,Master,11,67,Company Website,QA Engineer,0,55,88,0,0,24,management,recruiter,3,3,51679
CAND-237,46,Female,Bachelor,11,66,Company Website,Software Engineer,0,64,49,11,2,3,tech,portal,2,3,78771
CAND-238,37,Male,Bachelor,8,57,Employee Referral,Data Scientist,1,62,92,4,2,0,tech,recruiter,2,3,14576
CAND-239,32,Male,Bachelor,7,56,Company Website,Software Engineer,1,98,83,2,0,18,non-tech,portal,1,3,36707
CAND-240,44,Male,High School,12,71,LinkedIn,HR Analyst,1,95,86,0,2,0,tech,referral,1,2,51632
CAND-241,26,Female,Bachelor,4,63,LinkedIn,Software Engineer,0,82,70,3,1,36,tech,recruiter,2,3,51476
CAND-242,43,Male,High School,6,56,Company Website,Software Engineer,0,53,32,7,0,3,non-tech,referral,3,4,40285
CAND-243,24,Female,Master,5,71,Company Website,Data Scientist,0,38,35,2,2,0,management,recruiter,2,5,34154
CAND-244,45,Female,Bachelor,14,62,LinkedIn,Software Engineer,0,69,34,9,4,6,non-tech,portal,1,3,30054
CAND-245,44,Male,Master,7,72,LinkedIn,Software Engineer,0,98,34,1,2,3,management,portal,1,3,27165
CAND-246,24,Male,Master,2,57,LinkedIn,Software Engineer,1,83,83,10,1,6,non-tech,recruiter,3,2,24439
CAND-247,49,Male,Bachelor,11,88,LinkedIn,Product Manager,0,51,76,8,3,24,non-tech,portal,1,4,54518
CAND-248,36,Male,High School,7,44,Company Website,Product Manager,1,78,78,9,2,6,tech,portal,2,4,98051
CAND-249,50,Male,Master,16,65,Employee Referral,Product Manager,0,64,38,4,3,3,non-tech,referral,1,2,36962
CAND-250,22,Female,Bachelor,3,55,Company Website,QA Engineer,0,80,49,6,4,12,management,recruiter,1,2,63934
CAND-251,27,Female,Master,4,59,LinkedIn,Data Scientist,0,40,90,10,2,3,tech,recruiter,2,4,47763
CAND-252,39,Female,High School,8,71,LinkedIn,HR Analyst,0,71,64,10,0,0,tech,portal,2,3,74094
CAND-253,28,Female,Bachelor,3,46,Employee Referral,QA Engineer,0,58,79,1,3,18,tech,recruiter,2,3,29464
CAND-254,33,Male,Master,6,65,Company Website,QA Engineer,1,80,91,8,4,0,tech,portal,1,2,52036
CAND-255,46,Female,Bachelor,8,67,LinkedIn,QA Engineer,0,87,46,8,0,6,tech,portal,3,2,43270
CAND-256,26,Male,Bachelor,3,57,LinkedIn,Data Scientist,0,94,32,3,0,18,non-tech,referral,1,3,52299
CAND-257,46,Male,PhD,8,54,Employee Referral,Software Engineer,1,97,61,3,0,6,management,portal,2,4,95805
CAND-258,24,Male,Bachelor,2,62,Employee Referral,Data Scientist,0,66,42,5,0,3,tech,portal,3,3,41541
CAND-259,27,Female,Bachelor,4,63,Employee Referral,Software Engineer,0,67,43,9,2,6,tech,referral,1,3,83545
CAND-260,43,Male,Bachelor,9,64,Company Website,Data Scientist,0,52,40,9,2,0,tech,portal,3,2,92543
CAND-261,51,Non-binary,Bachelor,10,62,Company Website,Software Engineer,1,59,85,9,2,12,management,portal,1,3,87078
CAND-262,27,Male,Master,5,59,Company Website,Software Engineer,0,88,58,5,4,0,tech,portal,2,2,92970
CAND-263,32,Male,Master,1,51,LinkedIn,HR Analyst,0,92,38,11,4,0,tech,referral,2,3,39765
CAND-264,56,Male,Bachelor,4,58,Employee Referral,Product Manager,0,80,54,0,4,0,tech,referral,3,4,33769
CAND-265,58,Male,Master,9,62,Company Website,Product Manager,0,58,71,8,1,3,tech,recruiter,1,1,98001
CAND-266,43,Female,Bachelor,13,57,LinkedIn,Data Scientist,0,66,38,1,4,3,tech,recruiter,2,1,97404
CAND-267,37,Male,High School,9,48,Recruiter,Product Manager,0,81,69,4,2,12,management,referral,3,1,30156
CAND-268,34,Female,Bachelor,7,51,Company Website,HR Analyst,0,57,54,8,2,0,non-tech,recruiter,2,3,95836
CAND-269,44,Male,PhD,5,60,LinkedIn,Product Manager,0,61,34,3,1,0,non-tech,portal,2,4,60481
CAND-270,43,Male,High School,6,52,LinkedIn,Product Manager,0,36,40,10,1,0,tech,portal,1,1,23435
CAND-271,32,Male,Bachelor,5,56,Employee Referral,Data Scientist,1,51,88,2,4,0,non-tech,recruiter,2,5,79650
CAND-272,21,Female,Bachelor,2,55,Recruiter,Data Scientist,0,67,67,6,3,3,non-tech,portal,1,2,56336
CAND-273,26,Female,Master,4,50,Company Website,Product Manager,0,43,34,5,1,0,tech,recruiter,1,4,46135
CAND-274,57,Male,High School,12,72,Recruiter,HR Analyst,1,77,77,7,0,0,non-tech,referral,2,3,83631
CAND-275,36,Female,Bachelor,8,56,Employee Referral,Data Scientist,0,82,47,2,2,0,tech,recruiter,2,3,47909
CAND-276,39,Female,Master,6,55,Employee Referral,Data Scientist,0,73,66,4,0,0,non-tech,referral,3,3,79487
CAND-277,38,Female,Bachelor,11,66,Employee Referral,Data Scientist,1,76,89,9,2,0,tech,referral,3,3,31468
CAND-278,50,Female,Bachelor,12,48,Company Website,Data Scientist,0,60,77,3,2,0,management,portal,2,4,57655
CAND-279,23,Female,Bachelor,2,44,Employee Referral,HR Analyst,0,84,57,3,1,6,tech,referral,3,4,44341
CAND-280,24,Male,Bachelor,0,56,Company Website,Product Manager,0,59,69,3,1,12,non-tech,referral,2,3,74182
CAND-281,31,Female,Bachelor,4,39,Employee Referral,Data Scientist,0,58,74,9,0,3,non-tech,recruiter,1,2,61786
CAND-282,39,Female,Master,7,68,LinkedIn,Data Scientist,0,47,91,7,2,36,non-tech,portal,2,2,78304
CAND-283,46,Female,Bachelor,8,70,Employee Referral,Data Scientist,1,94,87,5,0,0,tech,portal,1,4,56514
CAND-284,39,Female,Master,5,54,Recruiter,Software Engineer,0,41,85,2,3,3,tech,portal,2,3,43979
CAND-285,37,Female,PhD,9,66,LinkedIn,Data Scientist,0,91,69,9,0,36,non-tech,referral,3,3,90981
CAND-286,56,Male,Bachelor,8,67,Recruiter,QA Engineer,0,70,69,4,4,0,tech,recruiter,2,3,65107
CAND-287,27,Female,Bachelor,5,51,Company Website,Product Manager,0,79,62,5,0,24,tech,portal,3,4,11160
CAND-288,42,Female,Master,5,64,LinkedIn,Software Engineer,0,54,35,4,4,0,non-tech,referral,1,3,97897
CAND-289,41,Female,Bachelor,6,50,LinkedIn,QA Engineer,0,99,48,5,4,0,non-tech,portal,2,4,82577
CAND-290,38,Female,Master,4,52,Employee Referral,Product Manager,0,42,69,7,4,0,tech,referral,1,4,94303
CAND-291,51,Female,Master,11,58,Company Website,Software Engineer,0,50,88,6,3,6,tech,recruiter,2,3,20846
CAND-292,31,Female,High School,4,53,LinkedIn,Product Manager,0,48,88,4,0,3,tech,portal,2,2,29924
CAND-293,57,Male,Bachelor,12,72,Company Website,Product Manager,0,49,77,9,0,6,non-tech,referral,2,4,23882
CAND-294,33,Female,Bachelor,5,53,LinkedIn,QA Engineer,0,66,70,5,3,0,non-tech,recruiter,1,3,90274
CAND-295,41,Male,Bachelor,7,47,Company Website,Software Engineer,0,97,42,3,2,0,non-tech,recruiter,1,5,96555
CAND-296,40,Male,Bachelor,3,43,Employee Referral,Software Engineer,1,85,74,11,1,0,management,referral,1,1,11095
CAND-297,53,Female,Bachelor,12,66,Employee Referral,Data Scientist,1,59,82,8,0,0,tech,referral,2,1,50983
CAND-298,37,Female,Master,4,70,Employee Referral,Software Engineer,1,92,71,3,1,18,tech,portal,3,5,24123
CAND-299,31,Male,Master,4,59,Company Website,Data Scientist,1,97,92,0,3,0,tech,referral,1,3,76615
CAND-300,21,Male,Master,0,47,Recruiter,QA Engineer,0,96,56,6,2,12,tech,recruiter,2,3,55278
CAND-301,34,Female,Bachelor,7,63,LinkedIn,Software Engineer,0,56,67,6,2,12,management,referral,3,4,61999
CAND-302,52,Female,Bachelor,10,59,LinkedIn,Data Scientist,1,92,89,3,2,0,non-tech,portal,2,3,41153
CAND-303,21,Female,Bachelor,0,45,LinkedIn,HR Analyst,0,92,36,2,3,3,tech,portal,2,3,28344
CAND-304,55,Male,High School,16,57,Company Website,Data Scientist,0,83,34,7,4,0,tech,portal,3,1,47656
CAND-305,41,Male,Master,7,71,Company Website,Data Scientist,1,86,74,4,4,0,non-tech,portal,1,4,80515
CAND-306,26,Female,Bachelor,4,35,Employee Referral,Product Manager,1,76,87,9,1,0,non-tech,portal,1,4,11212
CAND-307,32,Female,Bachelor,8,64,LinkedIn,Software Engineer,0,49,60,6,4,3,tech,referral,1,2,19001
CAND-308,42,Male,Master,5,53,LinkedIn,Software Engineer,0,88,52,3,4,0,management,portal,3,4,88784
CAND-309,32,Female,Bachelor,5,51,Company Website,Product Manager,0,94,71,3,2,3,non-tech,portal,3,4,91144
CAND-310,25,Male,High School,4,64,Recruiter,Data Scientist,0,42,39,7,2,3,tech,referral,2,3,46427
CAND-311,46,Male,High School,10,52,LinkedIn,Software Engineer,1,87,61,7,1,0,management,portal,1,3,41368
CAND-312,46,Female,Bachelor,9,54,LinkedIn,Software Engineer,1,94,82,1,0,3,tech,portal,2,3,80819
CAND-313,25,Female,Master,0,49,LinkedIn,QA Engineer,0,39,59,1,1,6,management,portal,1,2,71160
CAND-314,31,Female,Bachelor,4,56,Company Website,Software Engineer,0,40,68,2,1,0,management,portal,1,4,35854
CAND-315,30,Male,Master,2,49,LinkedIn,QA Engineer,0,81,60,11,3,0,non-tech,referral,2,4,20715
CAND-316,46,Female,Master,4,43,LinkedIn,Data Scientist,0,89,31,11,3,6,non-tech,portal,3,3,91701
CAND-317,48,Female,Master,4,49,Company Website,Product Manager,0,74,41,2,1,0,tech,recruiter,3,3,68784
CAND-318,48,Female,Bachelor,4,63,LinkedIn,Software Engineer,0,86,68,0,1,3,management,recruiter,2,2,36797
CAND-319,56,Female,High School,15,64,Company Website,Software Engineer,0,50,42,2,1,0,non-tech,referral,1,1,57573
CAND-320,50,Male,Master,16,74,LinkedIn,Data Scientist,0,47,75,5,4,0,non-tech,referral,1,3,86120
CAND-321,33,Female,Bachelor,1,47,Recruiter,Product Manager,0,64,56,7,3,0,management,recruiter,2,1,24780
CAND-322,25,Male,Bachelor,2,45,Company Website,Software Engineer,0,53,46,11,1,0,management,referral,2,3,47905
CAND-323,44,Male,Master,6,71,LinkedIn,Data Scientist,1,51,89,9,2,3,non-tech,portal,3,3,31573
CAND-324,55,Male,High School,14,61,LinkedIn,Data Scientist,1,97,93,5,2,0,tech,portal,2,4,43359
CAND-325,58,Female,Master,14,64,Company Website,Software Engineer,0,53,64,4,4,6,management,recruiter,2,3,76062
CAND-326,29,Male,Master,7,68,Employee Referral,Product Manager,0,92,59,3,4,12,non-tech,portal,1,3,83391
CAND-327,29,Male,Master,3,48,LinkedIn,Software Engineer,1,89,92,2,0,3,management,portal,1,3,53463
CAND-328,22,Female,Bachelor,5,49,LinkedIn,Data Scientist,0,96,57,3,0,6,non-tech,referral,2,1,26571
CAND-329,26,Male,Master,0,51,LinkedIn,Software Engineer,0,57,89,6,0,0,tech,recruiter,1,1,29142
CAND-330,42,Male,Bachelor,8,58,Company Website,Data Scientist,0,43,66,0,4,0,tech,portal,2,2,35104
CAND-331,41,Female,Master,7,61,Recruiter,Data Scientist,0,46,51,6,4,6,non-tech,referral,3,4,18625
CAND-332,35,Male,Master,12,82,Company Website,Data Scientist,0,35,49,0,4,0,non-tech,portal,2,2,49199
CAND-333,32,Female,Master,5,59,LinkedIn,Data Scientist,1,92,93,1,2,3,tech,referral,1,4,25926
CAND-334,52,Male,Bachelor,8,39,Employee Referral,HR Analyst,0,35,46,3,4,0,non-tech,portal,1,5,41218
CAND-335,38,Non-binary,High School,0,48,Employee Referral,Data Scientist,0,68,41,0,2,3,tech,portal,2,4,54472
CAND-336,51,Female,Bachelor,5,55,LinkedIn,QA Engineer,0,82,51,10,0,12,non-tech,recruiter,2,2,30566
CAND-337,57,Male,Bachelor,11,62,LinkedIn,Software Engineer,0,35,46,11,0,12,tech,referral,2,5,66125
CAND-338,33,Female,Bachelor,3,54,LinkedIn,Data Scientist,0,50,39,10,0,6,tech,referral,2,1,43205
CAND-339,28,Male,Bachelor,1,49,Employee Referral,Software Engineer,1,95,94,10,1,6,tech,referral,2,3,39717
CAND-340,57,Male,Bachelor,12,63,Employee Referral,Data Scientist,1,98,51,8,1,3,tech,portal,2,4,59984
CAND-341,45,Female,Master,11,69,Employee Referral,Product Manager,1,97,79,11,3,3,tech,referral,2,3,35135
CAND-342,32,Female,Master,9,57,Employee Referral,QA Engineer,0,56,43,5,3,0,tech,portal,3,3,38164
CAND-343,44,Female,Bachelor,10,53,LinkedIn,Product Manager,0,60,93,0,3,0,tech,portal,2,2,84489
CAND-344,40,Female,Master,8,85,LinkedIn,Product Manager,0,50,76,0,1,0,management,portal,1,3,48562
CAND-345,55,Female,Bachelor,10,55,LinkedIn,Software Engineer,0,85,58,5,1,24,management,referral,2,3,79110
CAND-346,30,Female,Bachelor,5,55,Employee Referral,Software Engineer,1,91,65,3,3,0,tech,recruiter,2,3,30169
CAND-347,58,Female,Bachelor,11,50,Company Website,QA Engineer,1,63,81,3,3,3,management,recruiter,3,5,69858
CAND-348,56,Female,Master,9,63,LinkedIn,Software Engineer,0,81,36,10,4,3,tech,referral,2,5,31604
CAND-349,27,Male,PhD,11,58,LinkedIn,Software Engineer,1,96,58,5,3,3,non-tech,portal,3,4,99670
CAND-350,27,Male,Master,5,53,Employee Referral,HR Analyst,0,50,40,11,4,6,non-tech,referral,3,3,98738
CAND-351,41,Male,Master,8,69,Employee Referral,HR Analyst,1,82,62,10,2,0,tech,recruiter,2,3,10684
CAND-352,22,Female,PhD,3,60,Employee Referral,Product Manager,0,73,35,6,1,3,tech,portal,2,5,18007
CAND-353,32,Male,Bachelor,10,65,LinkedIn,Data Scientist,0,67,61,8,3,12,tech,recruiter,2,4,51787
CAND-354,37,Male,Bachelor,10,46,Recruiter,QA Engineer,1,57,80,9,1,0,tech,portal,3,3,59582
CAND-355,57,Female,Bachelor,4,68,Employee Referral,Software Engineer,0,44,87,4,1,0,non-tech,recruiter,2,2,84791
CAND-356,58,Female,PhD,12,57,Employee Referral,Data Scientist,0,68,55,8,1,3,tech,recruiter,1,1,93629
CAND-357,26,Male,High School,3,61,Employee Referral,Data Scientist,1,86,75,3,2,12,tech,recruiter,2,3,15782
CAND-358,54,Female,Bachelor,9,67,Recruiter,HR Analyst,0,44,58,9,0,0,tech,portal,1,3,76770
CAND-359,24,Male,Master,0,55,Recruiter,HR Analyst,0,53,33,1,3,6,tech,portal,2,4,67645
CAND-360,49,Non-binary,Bachelor,10,54,Company Website,Product Manager,0,92,42,2,0,12,non-tech,portal,1,2,41996
CAND-361,53,Female,Master,13,68,Company Website,Software Engineer,0,35,68,10,0,0,tech,portal,2,2,39204
CAND-362,54,Female,Bachelor,15,63,Company Website,Data Scientist,0,38,44,0,0,36,management,portal,3,3,27152
CAND-363,29,Non-binary,PhD,3,56,Employee Referral,Software Engineer,0,50,58,5,1,6,tech,referral,1,3,65186
CAND-364,54,Male,Master,19,72,Company Website,HR Analyst,0,58,58,5,4,6,tech,referral,1,2,95024
CAND-365,25,Female,Bachelor,8,42,LinkedIn,Software Engineer,0,36,61,0,1,6,non-tech,referral,1,3,29689
CAND-366,40,Male,Master,8,69,LinkedIn,Software Engineer,0,66,31,10,1,0,tech,referral,2,3,60690
CAND-367,38,Male,Bachelor,6,55,Recruiter,Product Manager,0,58,76,2,0,0,non-tech,portal,2,4,93251
CAND-368,33,Male,Bachelor,6,52,Recruiter,Data Scientist,0,46,51,4,1,0,non-tech,recruiter,1,3,67320
CAND-369,21,Male,Bachelor,5,50,Recruiter,QA Engineer,0,84,56,2,0,0,tech,portal,1,3,74226
CAND-370,50,Female,Master,13,70,Company Website,Software Engineer,1,69,85,9,4,0,tech,referral,2,3,66091
CAND-371,33,Female,High School,6,45,Employee Referral,QA Engineer,0,67,50,2,3,18,tech,referral,1,4,89301
CAND-372,46,Male,Bachelor,15,49,Employee Referral,Software Engineer,1,67,76,9,0,12,tech,recruiter,2,1,31942
CAND-373,36,Female,Master,4,59,LinkedIn,Software Engineer,1,95,88,2,4,3,tech,portal,1,4,48712
CAND-374,35,Male,Bachelor,8,62,LinkedIn,Data Scientist,0,85,35,4,3,12,tech,referral,2,3,75277
CAND-375,54,Male,Bachelor,8,56,Recruiter,Software Engineer,0,77,48,4,2,6,tech,referral,1,4,59632
CAND-376,24,Female,High School,4,41,LinkedIn,Product Manager,0,46,86,3,0,0,non-tech,portal,2,4,48031
CAND-377,48,Male,Bachelor,15,67,Company Website,Software Engineer,0,99,32,0,0,0,non-tech,referral,1,3,30478
CAND-378,49,Female,Master,11,53,Employee Referral,Software Engineer,0,67,30,4,2,3,non-tech,recruiter,2,3,32551
CAND-379,35,Male,High School,9,48,Employee Referral,QA Engineer,1,74,87,9,2,6,tech,recruiter,3,2,58068
CAND-380,30,Female,Bachelor,2,44,LinkedIn,Software Engineer,0,77,67,4,0,0,tech,portal,3,4,45561
CAND-381,21,Male,Master,2,60,Employee Referral,Product Manager,0,78,44,3,2,3,management,portal,2,3,12892
CAND-382,56,Male,High School,10,55,LinkedIn,QA Engineer,0,63,63,5,1,0,non-tech,portal,2,3,34395
CAND-383,57,Female,Master,16,67,Employee Referral,Software Engineer,1,47,90,9,3,6,management,portal,3,4,28756
CAND-384,30,Male,Bachelor,7,72,LinkedIn,QA Engineer,0,46,64,3,3,12,tech,portal,2,4,97710
CAND-385,22,Male,Master,2,56,Employee Referral,Software Engineer,1,80,93,6,3,6,non-tech,portal,1,2,44651
CAND-386,25,Male,Master,0,53,Employee Referral,Data Scientist,0,36,54,6,1,24,non-tech,recruiter,3,3,76333
CAND-387,23,Male,Master,0,48,LinkedIn,Software Engineer,0,69,53,1,2,12,tech,recruiter,2,3,83745
CAND-388,52,Non-binary,Bachelor,5,49,LinkedIn,QA Engineer,0,42,41,2,4,18,tech,portal,1,3,59306
CAND-389,54,Female,Bachelor,16,51,Employee Referral,Product Manager,0,60,47,0,2,18,non-tech,portal,1,3,31346
CAND-390,26,Male,Master,8,68,LinkedIn,Data Scientist,0,68,44,7,0,12,tech,referral,1,3,38024
CAND-391,49,Female,Bachelor,15,70,LinkedIn,HR Analyst,0,41,56,8,3,3,tech,portal,2,3,50818
CAND-392,27,Male,Bachelor,0,47,Company Website,Data Scientist,1,92,89,3,2,0,non-tech,referral,1,4,15947
CAND-393,34,Male,High School,10,56,Recruiter,HR Analyst,1,63,75,5,4,0,management,referral,1,2,85153
CAND-394,43,Female,PhD,13,74,Company Website,Product Manager,0,70,46,8,0,3,tech,recruiter,1,3,96240
CAND-395,48,Female,Master,4,43,Company Website,HR Analyst,0,55,82,5,1,0,tech,referral,2,2,77428
CAND-396,54,Male,Bachelor,15,62,Recruiter,HR Analyst,0,70,37,11,1,0,tech,referral,2,1,39754
CAND-397,22,Female,Master,5,48,Company Website,HR Analyst,0,44,56,11,4,24,non-tech,referral,2,2,73355
CAND-398,28,Male,Bachelor,6,70,Company Website,Software Engineer,1,58,75,11,0,18,tech,portal,1,3,68241
CAND-399,31,Female,Bachelor,2,58,Company Website,QA Engineer,1,98,79,8,3,12,management,referral,1,4,78960
CAND-400,32,Non-binary,Bachelor,8,40,LinkedIn,QA Engineer,0,83,32,3,2,0,tech,referral,3,1,23418
CAND-401,58,Female,Bachelor,13,52,LinkedIn,Product Manager,1,70,93,7,0,0,tech,portal,2,1,98593
CAND-402,50,Female,Bachelor,9,58,Employee Referral,Software Engineer,1,58,73,8,1,0,non-tech,portal,2,5,65184
CAND-403,33,Male,Master,9,58,LinkedIn,HR Analyst,0,57,82,3,4,0,non-tech,portal,1,1,14833
CAND-404,57,Male,Master,15,59,Employee Referral,Software Engineer,1,96,53,4,4,0,tech,recruiter,2,4,85430
CAND-405,39,Female,Bachelor,6,71,LinkedIn,Data Scientist,1,71,89,7,2,0,tech,portal,2,2,51833
CAND-406,40,Male,Bachelor,12,66,Company Website,Data Scientist,0,46,32,11,4,18,management,portal,1,4,10565
CAND-407,37,Male,High School,9,60,LinkedIn,Software Engineer,0,89,49,9,4,6,tech,portal,1,3,50180
CAND-408,26,Male,PhD,7,55,Company Website,QA Engineer,0,47,75,5,0,0,management,referral,2,4,28402
CAND-409,56,Female,Master,10,69,Employee Referral,Software Engineer,0,57,44,11,3,0,tech,portal,3,4,52845
CAND-410,21,Male,Master,5,54,LinkedIn,Product Manager,0,64,54,6,2,3,non-tech,recruiter,3,3,85851
CAND-411,27,Male,Bachelor,6,53,LinkedIn,QA Engineer,0,51,46,2,0,0,non-tech,recruiter,2,1,22834
CAND-412,29,Male,High School,5,56,LinkedIn,Data Scientist,0,96,38,6,3,18,tech,referral,2,4,77850
CAND-413,31,Male,Bachelor,5,41,Employee Referral,Product Manager,0,47,67,11,0,0,management,referral,1,3,47180
CAND-414,26,Male,High School,2,60,LinkedIn,Software Engineer,1,93,77,7,0,0,tech,portal,2,1,13883
CAND-415,21,Female,High School,0,46,Employee Referral,QA Engineer,0,53,89,9,4,0,tech,portal,2,1,85587
CAND-416,46,Male,High School,9,66,LinkedIn,HR Analyst,1,83,92,5,3,0,non-tech,recruiter,1,4,21695
CAND-417,57,Male,PhD,16,63,LinkedIn,Software Engineer,0,46,31,9,2,3,tech,portal,3,2,33123
CAND-418,25,Male,High School,3,41,Employee Referral,Product Manager,0,95,40,8,2,6,non-tech,portal,1,3,68481
CAND-419,32,Female,High School,9,47,Company Website,Data Scientist,0,53,93,5,3,3,tech,referral,2,3,83438
CAND-420,40,Female,Master,7,61,LinkedIn,Data Scientist,0,43,50,11,4,0,tech,portal,2,4,27573
CAND-421,56,Male,Bachelor,16,69,Recruiter,Product Manager,0,62,47,8,1,3,tech,recruiter,2,5,66494
CAND-422,47,Female,Master,12,62,LinkedIn,Data Scientist,1,86,93,3,0,3,tech,portal,2,5,22288
CAND-423,50,Non-binary,Bachelor,9,51,LinkedIn,Product Manager,0,50,67,7,4,12,tech,recruiter,1,2,56978
CAND-424,43,Female,Master,10,53,Company Website,Software Engineer,0,46,61,10,3,0,non-tech,referral,3,4,82420
CAND-425,36,Male,Bachelor,6,55,Company Website,Data Scientist,0,59,40,3,0,0,management,recruiter,2,2,86095
CAND-426,28,Male,Bachelor,7,53,Employee Referral,QA Engineer,1,86,74,1,2,3,non-tech,portal,2,3,64672
CAND-427,53,Female,Master,13,61,LinkedIn,Software Engineer,0,87,62,9,1,3,tech,referral,3,3,71821
CAND-428,51,Female,Bachelor,11,74,Recruiter,Product Manager,0,57,70,10,2,0,tech,recruiter,2,1,93661
CAND-429,21,Male,Bachelor,2,50,Company Website,Software Engineer,0,50,37,8,3,0,tech,referral,1,5,79224
CAND-430,48,Male,Bachelor,13,74,Recruiter,QA Engineer,0,91,40,4,0,0,tech,portal,2,1,99405
CAND-431,24,Female,High School,3,44,Employee Referral,Product Manager,1,73,80,3,3,12,non-tech,referral,1,3,64796
CAND-432,49,Male,Master,14,70,Recruiter,Data Scientist,1,87,70,1,0,0,tech,referral,1,4,54706
CAND-433,52,Male,Bachelor,9,59,Company Website,Software Engineer,0,76,46,0,4,18,tech,referral,2,4,14023
CAND-434,25,Male,High School,1,35,LinkedIn,Data Scientist,1,92,75,10,1,3,management,recruiter,3,2,92636
CAND-435,37,Female,Bachelor,7,68,Company Website,HR Analyst,0,73,61,6,4,24,tech,portal,1,3,46735
CAND-436,25,Female,Master,0,49,Employee Referral,Data Scientist,0,48,83,5,4,12,tech,referral,2,4,82959
CAND-437,42,Female,Bachelor,5,60,Company Website,Data Scientist,0,39,49,1,3,0,tech,recruiter,1,3,49218
CAND-438,56,Female,Master,17,66,Employee Referral,QA Engineer,0,69,62,7,1,12,tech,referral,2,3,22213
CAND-439,24,Female,Master,3,53,LinkedIn,Data Scientist,0,52,69,10,0,0,management,recruiter,2,2,38460
CAND-440,36,Male,High School,6,46,Employee Referral,Data Scientist,0,43,61,3,0,18,tech,recruiter,2,3,74680
CAND-441,57,Female,Master,19,84,LinkedIn,Data Scientist,0,92,31,7,2,3,tech,referral,1,4,41017
CAND-442,32,Male,Bachelor,5,57,Recruiter,Software Engineer,0,51,62,6,0,0,tech,portal,2,3,40990
CAND-443,26,Female,Bachelor,4,56,LinkedIn,Product Manager,0,41,59,4,3,3,tech,portal,3,3,29515
CAND-444,39,Female,Master,11,75,LinkedIn,QA Engineer,0,80,62,9,4,24,tech,referral,2,3,39991
CAND-445,40,Male,Master,8,70,Employee Referral,HR Analyst,0,47,55,9,4,0,non-tech,recruiter,2,3,17634
CAND-446,46,Male,Bachelor,7,63,Employee Referral,HR Analyst,0,74,51,11,4,3,non-tech,portal,3,1,87034
CAND-447,32,Female,Bachelor,5,43,Employee Referral,Data Scientist,0,76,67,7,1,6,non-tech,portal,1,2,86452
CAND-448,57,Female,Bachelor,4,47,Recruiter,Software Engineer,0,43,75,8,0,12,tech,portal,2,3,39377
CAND-449,40,Female,Bachelor,5,46,LinkedIn,Product Manager,0,84,44,4,3,0,non-tech,recruiter,3,3,43001
CAND-450,31,Male,Bachelor,10,66,Employee Referral,HR Analyst,1,61,73,9,1,0,non-tech,portal,1,3,11391
CAND-451,57,Male,Bachelor,16,69,LinkedIn,QA Engineer,0,39,78,4,2,0,tech,referral,2,3,75206
CAND-452,56,Female,Bachelor,9,48,Company Website,Data Scientist,1,63,90,1,3,3,non-tech,referral,1,3,52215
CAND-453,39,Female,High School,3,47,Company Website,Product Manager,0,71,35,4,3,0,tech,recruiter,2,2,89720
CAND-454,21,Male,Master,2,41,LinkedIn,QA Engineer,0,72,38,2,3,24,tech,referral,2,5,37114
CAND-455,43,Male,Bachelor,14,65,Company Website,HR Analyst,0,42,35,6,4,0,non-tech,referral,2,3,21882
CAND-456,42,Male,Master,7,46,Employee Referral,QA Engineer,1,99,61,9,3,3,tech,portal,2,1,27273
CAND-457,26,Male,High School,7,58,LinkedIn,Data Scientist,0,51,70,4,0,0,non-tech,referral,1,1,55647
CAND-458,45,Female,Bachelor,8,61,Recruiter,Software Engineer,0,79,37,7,3,0,tech,referral,2,5,92665
CAND-459,52,Female,Bachelor,9,75,Company Website,Data Scientist,0,38,79,0,4,0,management,recruiter,1,2,74892
CAND-460,25,Female,High School,0,52,LinkedIn,Data Scientist,0,70,91,2,3,0,management,portal,3,4,52679
CAND-461,48,Male,Bachelor,16,65,Company Website,HR Analyst,1,65,91,2,2,3,management,portal,1,1,10427
CAND-462,26,Male,Bachelor,2,57,LinkedIn,Data Scientist,0,53,36,8,2,18,tech,portal,3,5,76267
CAND-463,49,Male,Master,10,52,LinkedIn,Data Scientist,0,95,33,4,4,3,tech,portal,2,4,10799
CAND-464,36,Non-binary,Bachelor,3,44,Employee Referral,Data Scientist,0,88,35,11,0,24,tech,recruiter,2,3,65659
CAND-465,21,Non-binary,Master,2,56,LinkedIn,Product Manager,0,73,87,8,0,18,tech,portal,2,1,17025
CAND-466,57,Male,Bachelor,11,44,LinkedIn,Data Scientist,0,53,51,8,1,3,tech,referral,2,2,24481
CAND-467,27,Female,Master,3,54,Employee Referral,Software Engineer,0,73,55,0,4,12,non-tech,portal,2,3,35411
CAND-468,43,Female,Bachelor,13,56,LinkedIn,QA Engineer,0,79,32,1,3,3,non-tech,portal,1,3,24961
CAND-469,27,Female,Bachelor,2,51,Employee Referral,Data Scientist,0,47,70,4,4,0,management,referral,2,2,31767
CAND-470,56,Male,Bachelor,11,53,Employee Referral,Data Scientist,1,92,89,3,1,6,tech,portal,1,1,61690
CAND-471,49,Female,Master,14,71,LinkedIn,Software Engineer,0,54,43,9,4,0,tech,portal,1,3,62870
CAND-472,51,Male,Bachelor,16,68,Company Website,Product Manager,0,95,41,8,4,3,tech,referral,2,3,46135
CAND-473,37,Male,Bachelor,4,64,LinkedIn,Product Manager,0,73,41,6,1,6,management,referral,1,2,74514
CAND-474,38,Male,Bachelor,8,58,Company Website,HR Analyst,0,35,42,5,0,0,non-tech,portal,1,1,96928
CAND-475,45,Female,Master,5,51,LinkedIn,Software Engineer,0,37,54,6,3,0,non-tech,recruiter,1,5,88798
CAND-476,50,Female,High School,10,56,Recruiter,HR Analyst,0,96,74,0,1,18,management,referral,1,3,80765
CAND-477,53,Female,Bachelor,17,58,LinkedIn,Product Manager,0,97,48,0,2,3,non-tech,recruiter,1,4,33772
CAND-478,21,Male,Bachelor,0,51,Employee Referral,Software Engineer,0,59,84,7,0,0,tech,portal,3,3,28799
CAND-479,46,Male,Master,11,69,LinkedIn,Software Engineer,1,90,74,1,2,3,tech,portal,1,1,33555
CAND-480,25,Male,Bachelor,3,72,LinkedIn,Data Scientist,0,67,37,11,0,3,non-tech,portal,2,3,29333
CAND-481,31,Female,Bachelor,3,47,Company Website,QA Engineer,1,72,82,9,3,3,tech,portal,1,3,14261
CAND-482,52,Female,PhD,10,62,Company Website,Data Scientist,0,40,84,10,3,24,tech,referral,3,4,79002
CAND-483,30,Female,Bachelor,6,51,Recruiter,Data Scientist,0,92,61,8,4,3,management,recruiter,1,3,56553
CAND-484,51,Male,Bachelor,7,58,LinkedIn,Product Manager,1,78,80,6,2,0,management,referral,3,2,13088
CAND-485,38,Male,Bachelor,8,61,LinkedIn,QA Engineer,1,79,73,5,0,12,non-tech,portal,2,5,55783
CAND-486,29,Female,High School,4,50,LinkedIn,Product Manager,0,66,47,0,3,18,non-tech,referral,1,3,11115
CAND-487,33,Male,High School,1,55,Company Website,QA Engineer,0,79,51,0,1,0,non-tech,portal,3,5,80114
CAND-488,41,Female,Bachelor,8,53,Recruiter,Software Engineer,0,95,66,1,3,0,tech,referral,2,5,78126
CAND-489,50,Male,Master,16,78,Recruiter,QA Engineer,1,81,85,5,1,0,tech,referral,1,2,82908
CAND-490,44,Female,Master,13,71,Recruiter,Software Engineer,1,55,88,5,0,3,non-tech,recruiter,2,3,79109
CAND-491,56,Female,High School,10,57,LinkedIn,Software Engineer,0,70,32,1,3,3,non-tech,recruiter,3,3,12978
CAND-492,53,Male,Bachelor,12,60,Company Website,HR Analyst,0,53,57,0,3,3,tech,portal,2,3,19422
CAND-493,49,Female,High School,9,76,Employee Referral,Software Engineer,0,54,64,9,0,24,management,referral,2,3,53626
CAND-494,43,Female,Master,12,59,LinkedIn,Software Engineer,1,91,90,4,3,6,tech,recruiter,2,5,99233
CAND-495,32,Female,High School,6,55,Employee Referral,Product Manager,0,52,83,4,1,0,tech,recruiter,2,4,66174
CAND-496,36,Female,Bachelor,10,54,LinkedIn,Data Scientist,1,81,92,1,3,0,non-tech,referral,3,2,47743
CAND-497,25,Male,Bachelor,4,67,LinkedIn,Software Engineer,0,83,36,5,2,0,tech,recruiter,2,2,80461
CAND-498,35,Male,Bachelor,5,61,Employee Referral,Product Manager,0,48,78,8,4,0,tech,portal,1,3,67199
CAND-499,56,Male,Bachelor,11,56,LinkedIn,QA Engineer,0,49,60,1,1,3,tech,recruiter,3,2,39430
CAND-500,37,Female,Master,0,55,Recruiter,QA Engineer,1,65,87,9,2,18,non-tech,portal,1,4,38834
CAND-501,25,Male,Bachelor,4,55,LinkedIn,Software Engineer,0,35,90,1,0,0,tech,referral,1,3,34435
CAND-502,45,Female,Master,11,60,LinkedIn,Product Manager,0,88,53,2,1,3,non-tech,recruiter,2,3,97212
CAND-503,57,Female,Bachelor,18,77,LinkedIn,QA Engineer,0,37,49,6,4,6,non-tech,portal,2,1,65797
CAND-504,53,Female,Master,4,59,LinkedIn,Software Engineer,0,50,66,5,4,0,tech,referral,1,4,53554
CAND-505,31,Male,Master,8,62,Company Website,Software Engineer,0,91,33,11,0,0,management,portal,2,2,64555
CAND-506,38,Male,PhD,14,69,LinkedIn,Software Engineer,0,46,49,7,0,0,tech,recruiter,2,4,95350
CAND-507,41,Male,Bachelor,10,64,Company Website,Data Scientist,1,50,89,7,1,0,management,recruiter,2,3,24716
CAND-508,30,Male,Bachelor,5,56,Employee Referral,Software Engineer,0,58,53,5,3,24,non-tech,referral,3,4,70261
CAND-509,31,Male,Bachelor,6,56,Company Website,QA Engineer,1,62,79,11,0,0,management,referral,2,3,37528
CAND-510,29,Male,Bachelor,9,54,LinkedIn,HR Analyst,0,42,78,10,3,0,tech,recruiter,1,1,11995
CAND-511,58,Male,Bachelor,12,77,Company Website,Software Engineer,1,70,80,9,2,3,tech,portal,1,4,32414
CAND-512,49,Female,PhD,14,61,Employee Referral,Product Manager,0,42,65,2,4,36,tech,referral,3,1,23844
CAND-513,52,Female,PhD,5,62,Company Website,Software Engineer,0,92,63,2,3,0,tech,referral,1,3,46659
CAND-514,52,Female,Bachelor,8,55,LinkedIn,Software Engineer,1,94,65,0,4,0,non-tech,portal,2,2,25522
CAND-515,57,Male,Bachelor,8,72,Company Website,QA Engineer,0,84,35,6,3,0,tech,portal,2,4,84034
CAND-516,25,Male,Master,7,52,Company Website,Data Scientist,0,62,68,4,2,0,non-tech,portal,2,5,52322
CAND-517,54,Male,Master,16,65,LinkedIn,HR Analyst,1,75,71,3,0,0,tech,portal,1,3,77638
CAND-518,23,Female,Bachelor,4,45,LinkedIn,Data Scientist,1,98,87,9,2,3,tech,recruiter,2,3,18524
CAND-519,39,Male,Bachelor,8,61,Recruiter,Software Engineer,0,61,41,3,0,0,non-tech,referral,2,4,40846
CAND-520,43,Female,Master,18,62,LinkedIn,Data Scientist,0,97,32,3,0,0,tech,referral,3,1,83643
CAND-521,34,Female,Bachelor,3,48,LinkedIn,Software Engineer,0,51,47,5,4,12,non-tech,portal,1,5,70096
CAND-522,26,Female,Bachelor,2,35,LinkedIn,QA Engineer,0,67,69,7,2,0,non-tech,portal,2,2,93804
CAND-523,28,Female,PhD,0,54,Company Website,Product Manager,0,63,50,7,3,0,non-tech,portal,2,5,57703
CAND-524,52,Male,PhD,10,60,Company Website,Data Scientist,0,47,44,4,2,0,tech,recruiter,2,4,34399
CAND-525,33,Female,Master,9,50,LinkedIn,Data Scientist,0,80,55,5,4,24,non-tech,referral,2,4,85160
CAND-526,32,Male,Master,11,73,Company Website,Product Manager,0,69,37,3,0,0,management,recruiter,1,3,98667
CAND-527,56,Male,Bachelor,10,50,Employee Referral,QA Engineer,0,40,71,11,4,18,non-tech,referral,1,3,58591
CAND-528,26,Female,Bachelor,7,63,LinkedIn,Software Engineer,0,81,73,10,1,6,tech,referral,2,3,30714
CAND-529,55,Male,Bachelor,10,55,Recruiter,Software Engineer,0,59,43,8,1,0,non-tech,referral,2,1,45877
CAND-530,55,Female,Bachelor,10,73,LinkedIn,Software Engineer,0,44,31,7,3,36,non-tech,recruiter,2,3,94106
CAND-531,43,Non-binary,Bachelor,2,56,LinkedIn,Data Scientist,0,90,66,9,4,0,non-tech,recruiter,1,3,88018
CAND-532,27,Male,Bachelor,7,49,Recruiter,Data Scientist,1,64,67,11,3,0,tech,portal,1,4,69136
CAND-533,26,Male,Bachelor,5,47,Employee Referral,Software Engineer,0,39,70,9,3,12,tech,referral,1,3,43414
CAND-534,31,Male,Master,4,60,LinkedIn,Data Scientist,1,67,91,0,1,6,non-tech,referral,1,1,96576
CAND-535,42,Female,Bachelor,8,56,Employee Referral,Data Scientist,1,99,89,1,3,3,tech,referral,2,3,88943
CAND-536,26,Male,Bachelor,2,49,Company Website,Software Engineer,0,52,43,8,1,0,non-tech,portal,3,3,55468
CAND-537,38,Female,High School,6,63,LinkedIn,HR Analyst,0,83,31,7,0,0,tech,recruiter,1,2,89702
CAND-538,25,Female,Bachelor,2,45,Employee Referral,Product Manager,0,45,46,2,4,6,non-tech,recruiter,2,2,82108
CAND-539,41,Female,Master,6,59,Employee Referral,Data Scientist,0,60,57,7,3,0,tech,portal,1,4,56835
CAND-540,21,Male,Bachelor,4,61,LinkedIn,Data Scientist,1,97,64,11,1,0,tech,recruiter,2,3,73333
CAND-541,47,Male,Bachelor,15,73,Company Website,Data Scientist,0,93,34,0,2,0,management,portal,1,3,52464
CAND-542,23,Male,Master,0,49,Company Website,QA Engineer,1,61,94,9,3,0,management,portal,3,3,32923
CAND-543,28,Male,Bachelor,5,52,LinkedIn,Product Manager,0,83,69,3,0,12,non-tech,portal,2,4,71855
CAND-544,27,Female,High School,4,36,Recruiter,Data Scientist,0,67,85,2,0,0,tech,portal,3,2,77445
CAND-545,52,Male,Bachelor,15,58,Company Website,HR Analyst,0,35,65,5,2,36,non-tech,recruiter,3,4,77619
CAND-546,23,Female,High School,1,49,Company Website,QA Engineer,0,55,74,6,1,0,non-tech,portal,2,1,56146
CAND-547,37,Male,Bachelor,5,53,Company Website,QA Engineer,0,89,52,3,3,6,non-tech,portal,2,4,70032
CAND-548,43,Female,Bachelor,10,61,Company Website,Software Engineer,0,40,76,6,1,0,tech,portal,1,3,27140
CAND-549,40,Non-binary,High School,8,63,LinkedIn,Software Engineer,0,39,60,8,0,0,non-tech,portal,2,3,12670
CAND-550,46,Female,High School,16,56,Recruiter,Product Manager,0,37,40,10,1,0,non-tech,portal,3,3,46519
CAND-551,51,Female,Bachelor,15,65,Company Website,Data Scientist,0,87,39,1,0,0,management,referral,1,3,54512
CAND-552,35,Female,High School,4,52,Employee Referral,Product Manager,0,57,43,10,1,3,tech,portal,3,2,67811
CAND-553,52,Female,Master,10,57,Company Website,QA Engineer,0,87,39,2,2,36,non-tech,recruiter,2,4,24691
CAND-554,33,Female,High School,7,65,LinkedIn,Data Scientist,0,71,30,4,4,3,non-tech,recruiter,3,2,44262
CAND-555,58,Male,Bachelor,10,68,LinkedIn,Software Engineer,0,51,34,2,2,0,tech,portal,3,5,64892
CAND-556,40,Female,Bachelor,9,62,LinkedIn,Data Scientist,0,35,49,10,2,0,tech,recruiter,2,4,35595
CAND-557,48,Male,Bachelor,7,71,LinkedIn,Software Engineer,0,85,37,7,4,0,tech,portal,2,3,67207
CAND-558,54,Female,High School,14,51,Employee Referral,Product Manager,1,79,72,11,4,3,tech,portal,2,4,43440
CAND-559,51,Male,Master,8,60,Employee Referral,QA Engineer,0,38,30,9,3,6,tech,portal,3,3,18630
CAND-560,53,Male,Master,5,60,LinkedIn,Data Scientist,1,96,86,7,3,24,non-tech,portal,3,2,41250
CAND-561,41,Male,High School,4,43,LinkedIn,QA Engineer,1,99,93,7,2,0,non-tech,referral,2,5,87518
CAND-562,22,Male,High School,6,55,Employee Referral,Data Scientist,0,66,57,11,2,3,non-tech,recruiter,2,3,84191
CAND-563,39,Male,Master,9,53,LinkedIn,Product Manager,1,68,66,11,0,0,management,portal,2,3,74791
CAND-564,27,Male,Bachelor,0,54,Recruiter,Software Engineer,1,73,76,8,0,3,tech,referral,3,3,94118
CAND-565,54,Female,High School,3,57,Company Website,QA Engineer,0,60,66,3,3,3,tech,portal,2,3,73753
CAND-566,29,Female,Bachelor,9,61,LinkedIn,Product Manager,0,68,78,4,3,3,non-tech,recruiter,3,5,70520
CAND-567,29,Male,Bachelor,3,37,LinkedIn,Software Engineer,1,88,73,4,0,3,tech,portal,2,2,14008
CAND-568,30,Male,Master,3,47,Recruiter,Product Manager,0,37,85,7,0,0,tech,portal,1,3,54464
CAND-569,45,Female,Bachelor,8,63,LinkedIn,QA Engineer,0,84,57,6,1,6,tech,portal,2,3,10496
CAND-570,42,Female,PhD,7,61,Employee Referral,Software Engineer,0,46,35,8,1,0,tech,portal,2,3,33212
CAND-571,57,Male,Bachelor,14,44,LinkedIn,QA Engineer,1,99,90,7,0,3,non-tech,referral,1,3,30637
CAND-572,36,Male,Bachelor,6,65,LinkedIn,HR Analyst,0,88,49,1,1,0,tech,recruiter,1,2,55227
CAND-573,31,Non-binary,Bachelor,7,58,Employee Referral,QA Engineer,0,39,31,9,4,3,tech,portal,2,2,92413
CAND-574,22,Male,Bachelor,2,44,LinkedIn,Data Scientist,1,91,66,11,3,18,tech,referral,1,2,93346
CAND-575,21,Male,Bachelor,5,62,LinkedIn,Product Manager,0,51,49,3,3,18,non-tech,referral,2,5,19884
CAND-576,35,Female,High School,8,50,Company Website,HR Analyst,0,81,55,5,0,12,tech,recruiter,2,2,78259
CAND-577,56,Male,Bachelor,14,60,Employee Referral,Product Manager,0,57,58,11,2,3,non-tech,portal,3,4,59810
CAND-578,40,Female,Master,8,63,LinkedIn,Software Engineer,0,48,30,1,0,6,tech,referral,2,4,14761
CAND-579,54,Male,High School,16,79,LinkedIn,Software Engineer,1,85,64,6,1,3,tech,recruiter,3,4,83166
CAND-580,24,Female,Bachelor,4,66,Recruiter,QA Engineer,0,72,88,2,2,12,non-tech,referral,2,4,26375
CAND-581,24,Male,Bachelor,2,53,Employee Referral,Data Scientist,1,98,62,2,1,0,tech,portal,1,2,35218
CAND-582,52,Male,Bachelor,15,70,Employee Referral,Software Engineer,1,72,80,10,4,24,tech,portal,2,2,40565
CAND-583,25,Male,Master,1,58,Employee Referral,Data Scientist,0,84,41,1,1,18,tech,portal,2,3,42975
CAND-584,22,Male,Master,2,43,Employee Referral,QA Engineer,0,64,49,10,4,6,management,referral,2,2,37073
CAND-585,36,Female,Master,7,64,Company Website,Data Scientist,1,85,82,7,4,0,tech,referral,1,4,79726
CAND-586,56,Male,High School,15,58,LinkedIn,QA Engineer,1,97,72,5,1,0,non-tech,portal,2,3,11883
CAND-587,47,Female,Bachelor,10,63,Employee Referral,QA Engineer,1,86,79,0,1,12,tech,referral,1,4,78422
CAND-588,24,Female,Bachelor,3,50,Employee Referral,HR Analyst,0,72,58,11,4,0,tech,referral,2,1,59629
CAND-589,52,Female,Bachelor,9,63,Recruiter,HR Analyst,0,64,86,0,2,12,tech,referral,1,5,74170
CAND-590,53,Female,High School,3,50,Company Website,Software Engineer,0,85,68,6,4,0,management,referral,2,2,84489
CAND-591,51,Female,Bachelor,13,40,LinkedIn,Product Manager,0,39,85,7,3,0,tech,recruiter,2,3,18381
CAND-592,55,Male,Bachelor,9,61,Company Website,Software Engineer,0,63,72,4,4,18,tech,portal,1,3,33238
CAND-593,30,Male,Bachelor,0,53,Company Website,HR Analyst,0,38,79,11,2,3,tech,recruiter,2,4,23795
CAND-594,58,Male,High School,10,61,Company Website,Software Engineer,0,44,52,10,3,3,tech,portal,2,3,72999
CAND-595,33,Female,Master,6,57,Employee Referral,Product Manager,1,90,73,4,0,3,tech,portal,3,5,59907
CAND-596,51,Female,Master,13,80,Company Website,QA Engineer,0,51,67,3,0,0,non-tech,portal,3,5,19638
CAND-597,43,Female,Bachelor,8,60,LinkedIn,Software Engineer,0,51,52,5,2,6,tech,portal,2,4,80467
CAND-598,50,Male,Master,2,57,Company Website,QA Engineer,0,68,74,5,4,0,tech,portal,2,1,52623
CAND-599,44,Male,High School,7,62,Company Website,Software Engineer,0,40,81,2,1,18,non-tech,portal,2,4,48492
CAND-600,45,Female,Master,13,70,Recruiter,Data Scientist,1,87,79,8,2,18,tech,recruiter,2,4,36411
CAND-601,44,Male,PhD,5,51,Company Website,Data Scientist,0,77,37,11,3,0,tech,portal,1,2,30534
CAND-602,50,Female,High School,11,39,Company Website,Data Scientist,0,57,30,10,3,6,tech,referral,2,2,39181
CAND-603,49,Female,Master,11,60,Company Website,Product Manager,0,89,37,6,0,3,non-tech,portal,2,2,29996
CAND-604,26,Female,PhD,3,62,Company Website,HR Analyst,0,50,58,0,3,0,tech,recruiter,1,1,82089
CAND-605,52,Female,Master,12,63,LinkedIn,Data Scientist,0,42,34,6,2,36,tech,referral,2,3,93609
CAND-606,41,Male,PhD,12,73,Recruiter,Product Manager,0,38,76,4,3,0,tech,portal,2,5,82666
CAND-607,33,Male,Bachelor,6,57,Recruiter,QA Engineer,0,38,63,4,2,0,non-tech,recruiter,2,3,39405
CAND-608,40,Female,High School,6,63,Company Website,QA Engineer,1,90,94,1,1,3,tech,referral,1,3,81325
CAND-609,57,Male,Master,13,64,Company Website,Software Engineer,1,59,84,3,0,3,non-tech,recruiter,2,5,38930
CAND-610,53,Male,Bachelor,12,67,LinkedIn,HR Analyst,1,61,72,11,3,3,non-tech,referral,2,2,27529
CAND-611,52,Male,Bachelor,7,61,Company Website,Software Engineer,0,66,59,5,2,6,non-tech,referral,2,4,63546
CAND-612,38,Male,Bachelor,8,70,Company Website,Product Manager,0,84,46,9,4,3,tech,recruiter,2,3,17942
CAND-613,50,Female,Bachelor,15,53,Employee Referral,Product Manager,1,95,55,10,0,3,tech,referral,2,3,17548
CAND-614,35,Male,High School,8,51,LinkedIn,QA Engineer,0,85,37,6,1,0,tech,portal,3,3,28296
CAND-615,47,Female,Master,11,71,Employee Referral,Software Engineer,1,53,76,10,2,0,tech,recruiter,1,3,61016
CAND-616,45,Non-binary,High School,6,65,LinkedIn,Software Engineer,0,55,75,4,1,0,tech,portal,3,1,10296
CAND-617,30,Female,Master,0,52,Employee Referral,QA Engineer,0,39,62,8,1,0,non-tech,referral,2,4,77945
CAND-618,31,Male,Master,2,51,Company Website,Software Engineer,0,76,30,2,3,3,tech,portal,1,2,69980
CAND-619,23,Female,Bachelor,6,62,LinkedIn,Data Scientist,0,95,48,0,3,0,tech,referral,2,4,66782
CAND-620,26,Female,Bachelor,1,56,Company Website,QA Engineer,0,56,60,3,2,0,non-tech,recruiter,1,3,44229
CAND-621,37,Male,Bachelor,5,51,Employee Referral,Product Manager,0,55,43,8,4,0,non-tech,portal,1,2,63444
CAND-622,39,Male,PhD,7,63,Company Website,Software Engineer,0,35,82,3,2,24,tech,portal,2,3,45036
CAND-623,27,Female,Master,0,60,LinkedIn,Data Scientist,0,39,77,1,4,24,non-tech,referral,2,2,49322
CAND-624,36,Male,Bachelor,2,66,Company Website,HR Analyst,0,46,91,9,1,3,tech,recruiter,3,4,37167
CAND-625,43,Male,High School,6,58,LinkedIn,Data Scientist,1,80,93,4,0,18,non-tech,referral,2,5,61667
CAND-626,29,Female,Bachelor,1,50,Company Website,Software Engineer,1,68,92,2,2,6,non-tech,portal,1,4,93337
CAND-627,33,Male,Bachelor,3,51,Company Website,Software Engineer,0,83,62,11,2,3,non-tech,recruiter,2,1,61468
CAND-628,34,Male,Master,3,59,LinkedIn,Data Scientist,1,79,70,8,4,0,non-tech,referral,2,3,82894
CAND-629,40,Male,Master,9,61,Company Website,HR Analyst,1,61,77,3,1,6,tech,portal,3,3,63084
CAND-630,34,Female,Bachelor,3,53,Employee Referral,Data Scientist,0,60,42,5,1,6,tech,portal,3,4,73138
CAND-631,49,Female,Master,7,51,Employee Referral,Software Engineer,0,81,60,1,4,3,non-tech,referral,3,1,32588
CAND-632,33,Male,Bachelor,5,65,LinkedIn,Data Scientist,0,90,33,5,1,6,tech,portal,2,3,72901
CAND-633,37,Male,Master,6,49,LinkedIn,Software Engineer,0,97,48,2,3,3,management,portal,2,3,27671
CAND-634,35,Male,Bachelor,5,51,Company Website,Software Engineer,0,82,42,11,0,6,tech,recruiter,1,2,93038
CAND-635,27,Non-binary,Bachelor,5,55,LinkedIn,HR Analyst,0,95,52,11,2,18,tech,portal,3,3,41645
CAND-636,47,Male,Master,9,78,Company Website,Product Manager,0,60,30,8,0,0,tech,referral,1,3,17637
CAND-637,29,Male,Bachelor,3,48,LinkedIn,Software Engineer,1,70,83,10,2,6,tech,portal,1,4,10660
CAND-638,32,Male,Master,7,54,LinkedIn,Data Scientist,0,35,44,1,3,0,non-tech,recruiter,1,5,16922
CAND-639,51,Male,PhD,5,54,Employee Referral,Software Engineer,1,42,94,11,1,3,non-tech,referral,2,3,54721
CAND-640,57,Female,High School,6,66,LinkedIn,Software Engineer,0,86,44,11,4,6,non-tech,portal,2,3,67256
CAND-641,46,Female,High School,9,35,Employee Referral,Product Manager,0,81,50,8,3,0,non-tech,referral,2,2,79506
CAND-642,55,Male,Bachelor,18,62,LinkedIn,Data Scientist,0,90,48,4,0,3,management,portal,3,5,78943
CAND-643,53,Female,Bachelor,14,87,Company Website,QA Engineer,1,48,89,7,4,0,non-tech,recruiter,3,5,37843
CAND-644,39,Female,High School,8,60,Company Website,HR Analyst,0,62,62,1,1,3,tech,recruiter,2,5,19046
CAND-645,50,Male,Bachelor,15,58,Employee Referral,Software Engineer,0,36,78,5,3,0,non-tech,referral,1,4,99336
CAND-646,33,Female,Master,6,58,Employee Referral,HR Analyst,0,60,64,2,4,6,tech,referral,3,3,73985
CAND-647,38,Female,Bachelor,12,64,Company Website,Data Scientist,0,48,73,11,3,0,tech,portal,3,4,90083
CAND-648,41,Male,Bachelor,8,65,Company Website,Software Engineer,0,93,40,11,3,3,non-tech,referral,2,3,40346
CAND-649,57,Male,Master,14,83,LinkedIn,QA Engineer,1,90,75,9,1,0,tech,portal,2,3,98284
CAND-650,53,Female,Bachelor,14,69,Company Website,Software Engineer,0,41,38,4,2,12,tech,portal,1,4,63526
CAND-651,39,Female,Master,7,55,LinkedIn,Product Manager,0,37,32,11,4,18,tech,referral,3,1,83143
CAND-652,45,Female,Bachelor,14,72,Company Website,QA Engineer,0,57,55,7,1,36,tech,portal,2,1,46787
CAND-653,28,Male,PhD,4,51,LinkedIn,Software Engineer,0,52,77,9,3,6,management,referral,2,3,43583
CAND-654,51,Male,Bachelor,16,60,Recruiter,QA Engineer,0,72,57,0,1,6,tech,portal,1,3,22563
CAND-655,42,Female,High School,5,37,Company Website,Software Engineer,0,49,55,4,2,0,tech,referral,3,4,56060
CAND-656,41,Male,Master,10,50,Company Website,QA Engineer,0,98,54,2,4,0,tech,portal,2,2,43690
CAND-657,50,Female,Bachelor,22,68,Company Website,Software Engineer,0,62,41,3,2,0,tech,portal,1,2,24925
CAND-658,45,Female,High School,5,42,LinkedIn,Software Engineer,0,73,34,1,0,6,management,referral,2,2,96787
CAND-659,23,Non-binary,High School,3,51,LinkedIn,Data Scientist,1,91,77,8,4,18,tech,recruiter,2,1,93184
CAND-660,31,Female,Master,4,46,Recruiter,QA Engineer,0,51,66,2,2,0,non-tech,recruiter,2,1,30108
CAND-661,27,Female,High School,3,35,Employee Referral,Software Engineer,0,78,73,1,3,18,non-tech,portal,2,3,86515
CAND-662,48,Female,Bachelor,11,53,LinkedIn,QA Engineer,0,59,44,9,4,3,management,portal,2,3,78258
CAND-663,22,Male,High School,0,41,Employee Referral,Software Engineer,0,51,72,10,4,3,non-tech,recruiter,3,4,15355
CAND-664,28,Male,Bachelor,3,47,Company Website,Data Scientist,0,47,77,8,1,0,non-tech,referral,1,5,56069
CAND-665,43,Non-binary,Bachelor,4,65,LinkedIn,Data Scientist,0,59,75,6,3,0,tech,portal,1,3,64471
CAND-666,47,Female,Bachelor,5,49,Company Website,Software Engineer,0,44,72,5,0,3,tech,recruiter,1,1,42705
CAND-667,40,Female,Bachelor,2,58,LinkedIn,HR Analyst,0,52,50,0,2,3,tech,recruiter,2,2,53909
CAND-668,53,Male,High School,16,65,LinkedIn,Data Scientist,0,68,52,4,1,0,management,recruiter,2,4,98606
CAND-669,55,Female,Bachelor,14,65,Employee Referral,Product Manager,1,42,76,11,2,3,tech,recruiter,3,3,63739
CAND-670,26,Male,Bachelor,3,45,LinkedIn,Product Manager,0,74,44,10,0,12,tech,recruiter,2,4,86820
CAND-671,57,Male,Bachelor,14,65,Recruiter,Data Scientist,0,76,54,10,0,12,tech,portal,2,4,97273
CAND-672,44,Female,High School,8,49,Employee Referral,Product Manager,0,75,65,2,4,18,tech,portal,3,5,33241
CAND-673,45,Male,High School,5,53,Employee Referral,HR Analyst,0,40,80,0,0,0,tech,referral,1,5,37414
CAND-674,24,Female,Bachelor,6,54,Company Website,Product Manager,0,86,44,3,2,0,management,referral,3,3,60818
CAND-675,44,Female,Bachelor,5,47,Employee Referral,Data Scientist,0,60,50,1,3,6,tech,referral,2,3,30895
CAND-676,48,Male,Bachelor,9,67,Company Website,Product Manager,0,98,42,1,3,0,non-tech,portal,2,5,72409
CAND-677,43,Male,Master,9,65,Company Website,Product Manager,0,93,48,2,4,0,non-tech,referral,2,3,65324
CAND-678,24,Male,Bachelor,5,51,Company Website,Data Scientist,1,90,63,7,2,0,tech,referral,2,1,76920
CAND-679,40,Male,Bachelor,6,57,Recruiter,Product Manager,1,93,81,7,2,0,tech,portal,1,3,63555
CAND-680,56,Non-binary,Bachelor,13,64,LinkedIn,Data Scientist,0,67,56,11,0,0,tech,portal,2,3,75453
CAND-681,48,Non-binary,High School,10,51,Company Website,QA Engineer,0,87,58,6,2,0,tech,referral,2,4,32689
CAND-682,26,Male,Bachelor,0,49,Employee Referral,HR Analyst,0,56,57,5,1,0,non-tech,referral,3,3,74356
CAND-683,57,Female,Bachelor,14,61,Company Website,HR Analyst,0,55,64,8,0,0,tech,portal,2,3,18252
CAND-684,57,Male,Bachelor,12,55,Employee Referral,QA Engineer,0,38,37,3,1,3,tech,referral,3,5,40844
CAND-685,27,Non-binary,High School,3,36,Company Website,Product Manager,0,96,45,11,4,3,non-tech,referral,2,4,33365
CAND-686,51,Female,Master,12,63,LinkedIn,QA Engineer,0,96,65,0,3,3,management,referral,2,3,16026
CAND-687,36,Male,Master,6,63,Company Website,Software Engineer,0,58,59,7,4,0,non-tech,portal,2,2,38523
CAND-688,43,Female,High School,7,48,Company Website,Data Scientist,0,89,47,6,3,0,non-tech,referral,2,3,20482
CAND-689,37,Female,Bachelor,5,74,LinkedIn,Software Engineer,0,43,31,6,4,3,non-tech,portal,3,3,58888
CAND-690,50,Male,Master,9,69,LinkedIn,Software Engineer,0,37,78,2,2,3,tech,recruiter,2,1,60110
CAND-691,58,Female,Bachelor,21,85,LinkedIn,HR Analyst,0,65,33,3,1,3,non-tech,portal,2,2,10493
CAND-692,51,Male,Master,9,68,Employee Referral,QA Engineer,0,74,36,9,3,0,tech,referral,1,4,66194
CAND-693,56,Male,Bachelor,18,85,Recruiter,Data Scientist,1,70,68,8,0,18,non-tech,portal,2,3,92001
CAND-694,56,Male,Master,11,58,Company Website,Software Engineer,0,58,42,5,1,0,non-tech,referral,1,3,49767
CAND-695,24,Female,PhD,1,35,LinkedIn,Product Manager,0,40,60,4,0,0,tech,referral,2,2,39550
CAND-696,30,Female,High School,1,43,Company Website,Data Scientist,0,38,92,2,1,3,non-tech,portal,1,3,23833
CAND-697,48,Male,Bachelor,10,65,Employee Referral,QA Engineer,1,40,85,8,1,3,management,referral,1,4,12970
CAND-698,43,Male,Bachelor,12,64,Employee Referral,HR Analyst,1,85,71,4,4,0,tech,portal,1,2,92681
CAND-699,22,Male,High School,5,53,LinkedIn,Data Scientist,1,96,90,4,3,0,non-tech,portal,1,1,59177
CAND-700,24,Male,Bachelor,1,60,LinkedIn,Software Engineer,1,91,71,3,3,6,tech,referral,2,3,77342
CAND-701,40,Female,PhD,3,59,Recruiter,Software Engineer,0,42,85,3,1,0,non-tech,portal,3,5,81200
CAND-702,44,Male,High School,12,66,Employee Referral,Software Engineer,1,60,65,11,2,0,tech,recruiter,2,3,71501
CAND-703,27,Female,Bachelor,3,44,LinkedIn,Data Scientist,0,85,36,0,2,0,non-tech,referral,2,2,38900
CAND-704,27,Female,Master,0,42,Employee Referral,Software Engineer,1,79,83,6,0,12,management,referral,2,3,24126
CAND-705,25,Male,Bachelor,4,66,LinkedIn,Software Engineer,0,78,30,8,0,0,management,portal,1,4,80690
CAND-706,42,Female,Bachelor,2,51,LinkedIn,Software Engineer,0,39,73,2,4,36,non-tech,referral,3,2,97744
CAND-707,21,Female,PhD,0,47,Employee Referral,Software Engineer,0,60,74,11,1,3,tech,recruiter,1,3,89303
CAND-708,42,Female,Bachelor,8,53,Company Website,QA Engineer,0,53,76,1,0,36,management,portal,2,3,95579
CAND-709,39,Female,High School,10,52,Company Website,Software Engineer,0,54,42,2,0,18,tech,recruiter,2,2,57994
CAND-710,38,Male,High School,6,47,Recruiter,QA Engineer,0,46,51,0,1,0,management,portal,1,4,77061
CAND-711,46,Female,Master,11,54,Employee Referral,Software Engineer,0,81,50,5,4,0,tech,recruiter,2,4,26978
CAND-712,40,Male,Bachelor,10,48,LinkedIn,Software Engineer,0,35,38,10,0,0,tech,portal,2,3,66344
CAND-713,48,Male,Bachelor,11,60,Company Website,Software Engineer,0,48,55,10,4,0,non-tech,recruiter,2,2,56648
CAND-714,50,Female,High School,10,53,Employee Referral,Product Manager,0,98,38,6,3,6,tech,referral,2,1,11055
CAND-715,55,Female,Bachelor,8,67,Company Website,Software Engineer,0,72,44,10,4,0,tech,portal,1,3,85582
CAND-716,51,Male,Master,15,72,Recruiter,Data Scientist,0,71,39,10,2,0,tech,portal,2,3,91214
CAND-717,40,Male,Bachelor,6,58,Employee Referral,Software Engineer,0,45,71,1,2,0,tech,referral,1,2,54876
CAND-718,39,Male,PhD,8,56,LinkedIn,HR Analyst,0,37,53,7,4,18,tech,recruiter,2,1,48725
CAND-719,29,Male,Bachelor,1,48,LinkedIn,Software Engineer,1,67,78,5,2,0,tech,portal,1,1,15255
CAND-720,43,Female,Bachelor,6,58,Employee Referral,Data Scientist,0,40,55,3,3,0,tech,portal,2,5,84947
CAND-721,26,Female,Master,0,56,Recruiter,QA Engineer,0,84,66,4,1,0,tech,referral,2,4,63380
CAND-722,56,Male,Bachelor,11,61,LinkedIn,Software Engineer,0,44,79,7,2,18,non-tech,referral,2,5,63333
CAND-723,53,Female,Bachelor,10,69,LinkedIn,Software Engineer,0,39,53,2,2,3,tech,referral,3,2,52459
CAND-724,25,Male,Master,3,54,Employee Referral,QA Engineer,0,57,48,2,4,0,management,referral,3,5,46163
CAND-725,50,Male,Bachelor,10,67,LinkedIn,Software Engineer,1,44,89,10,3,0,management,portal,2,2,43971
CAND-726,25,Male,Bachelor,2,47,LinkedIn,Software Engineer,0,78,68,3,1,0,tech,recruiter,2,3,75149
CAND-727,48,Male,PhD,11,51,Recruiter,Data Scientist,0,36,47,0,4,0,non-tech,referral,1,4,94730
CAND-728,24,Female,Bachelor,4,55,Employee Referral,Software Engineer,0,47,48,8,4,24,non-tech,portal,2,3,29476
CAND-729,39,Female,Bachelor,11,68,Recruiter,HR Analyst,0,74,65,7,3,6,management,referral,1,3,78580
CAND-730,45,Female,High School,5,56,Employee Referral,Product Manager,0,36,84,7,1,0,non-tech,referral,1,2,96593
CAND-731,48,Male,Bachelor,9,63,LinkedIn,Product Manager,1,99,76,9,3,12,tech,portal,3,2,79050
CAND-732,36,Female,Bachelor,6,53,Recruiter,Software Engineer,1,97,78,5,1,0,non-tech,referral,2,3,85526
CAND-733,56,Female,Master,8,54,LinkedIn,Product Manager,0,51,62,6,3,6,non-tech,portal,2,3,17507
CAND-734,50,Female,Bachelor,12,67,LinkedIn,Product Manager,0,43,50,5,4,12,non-tech,referral,1,4,80393
CAND-735,28,Female,Bachelor,4,56,Recruiter,Software Engineer,0,49,51,8,4,0,tech,recruiter,2,3,22118
CAND-736,46,Male,Bachelor,7,52,Employee Referral,HR Analyst,0,58,77,2,0,6,management,portal,1,3,60529
CAND-737,48,Female,Bachelor,5,63,Recruiter,Product Manager,0,72,66,2,2,0,management,portal,1,1,78682
CAND-738,33,Non-binary,Bachelor,5,47,LinkedIn,QA Engineer,0,69,44,2,3,0,tech,recruiter,1,2,64176
CAND-739,49,Female,Master,10,58,Recruiter,Software Engineer,0,83,64,9,0,0,tech,recruiter,2,5,14414
CAND-740,55,Male,Bachelor,11,75,Company Website,Software Engineer,0,96,61,2,2,0,tech,referral,2,1,93030
CAND-741,52,Female,Bachelor,14,72,Employee Referral,Product Manager,0,94,40,8,3,6,non-tech,referral,1,3,95973
CAND-742,49,Female,Master,13,64,Recruiter,QA Engineer,0,84,39,11,1,24,non-tech,referral,2,2,72137
CAND-743,45,Male,Bachelor,12,65,Company Website,Data Scientist,1,43,86,3,2,3,non-tech,recruiter,1,4,13937
CAND-744,31,Non-binary,Bachelor,4,54,Employee Referral,Software Engineer,0,68,54,6,4,12,tech,recruiter,2,4,46731
CAND-745,51,Male,Master,14,46,Company Website,QA Engineer,0,69,31,8,0,12,non-tech,portal,3,2,96862
CAND-746,34,Female,Bachelor,9,52,Employee Referral,Software Engineer,1,35,93,10,2,0,tech,referral,2,2,48665
CAND-747,41,Female,High School,9,56,Recruiter,Data Scientist,0,74,64,11,2,0,tech,referral,3,3,84510
CAND-748,32,Male,Bachelor,4,50,Employee Referral,Product Manager,0,98,36,6,4,0,non-tech,recruiter,3,3,27500
CAND-749,32,Female,High School,6,54,LinkedIn,Software Engineer,0,56,47,8,3,3,management,referral,2,2,11750
CAND-750,26,Male,Bachelor,2,60,LinkedIn,Software Engineer,1,94,71,11,1,24,management,referral,2,4,75018
CAND-751,57,Male,Master,18,70,Recruiter,Software Engineer,1,98,68,2,4,0,management,recruiter,3,2,14027
CAND-752,26,Male,High School,4,42,Recruiter,HR Analyst,0,45,70,3,1,6,tech,portal,2,4,15745
CAND-753,24,Male,Master,3,57,Recruiter,Data Scientist,0,48,53,7,3,3,tech,portal,1,3,71731
CAND-754,56,Male,Master,12,63,LinkedIn,Product Manager,1,94,89,5,2,3,non-tech,referral,3,2,96984
CAND-755,42,Female,Bachelor,3,51,Company Website,HR Analyst,0,64,75,4,1,0,management,portal,2,3,38451
CAND-756,37,Female,Master,13,64,Employee Referral,Product Manager,0,69,48,3,0,0,tech,portal,1,3,81474
CAND-757,49,Male,Master,11,82,Employee Referral,Data Scientist,1,71,71,7,0,0,tech,portal,2,2,71536
CAND-758,35,Male,PhD,2,37,LinkedIn,Data Scientist,0,39,61,0,4,0,tech,referral,2,3,22150
CAND-759,25,Female,Bachelor,6,52,Company Website,Data Scientist,0,60,68,8,3,0,non-tech,recruiter,2,2,23406
CAND-760,48,Female,High School,13,61,LinkedIn,Product Manager,0,96,65,0,4,3,tech,referral,2,2,29781
CAND-761,27,Male,Bachelor,5,48,Company Website,HR Analyst,0,38,65,7,4,0,tech,referral,2,2,67417
CAND-762,42,Male,Bachelor,10,68,LinkedIn,QA Engineer,0,76,32,3,4,12,tech,portal,2,3,28325
CAND-763,57,Male,High School,15,70,LinkedIn,Data Scientist,0,52,37,8,0,3,tech,recruiter,2,2,78684
CAND-764,56,Female,Bachelor,14,65,LinkedIn,Data Scientist,0,74,70,10,0,3,management,recruiter,2,3,83469
CAND-765,34,Female,High School,1,44,Recruiter,HR Analyst,0,73,42,4,4,0,tech,referral,2,3,19436
CAND-766,50,Male,Master,12,65,Employee Referral,Software Engineer,0,48,78,2,0,3,non-tech,portal,2,3,27669
CAND-767,44,Female,Bachelor,13,63,Recruiter,QA Engineer,1,66,89,8,3,24,non-tech,portal,2,4,82010
CAND-768,39,Male,High School,10,57,Company Website,Software Engineer,0,85,31,10,4,0,management,portal,2,4,86764
CAND-769,26,Male,High School,3,47,Company Website,Product Manager,1,72,89,8,0,0,tech,referral,3,3,11843
CAND-770,35,Female,Bachelor,0,50,LinkedIn,QA Engineer,0,57,34,3,1,6,management,recruiter,1,3,75609
CAND-771,45,Female,Bachelor,8,64,Company Website,Data Scientist,1,97,73,10,4,0,non-tech,recruiter,1,2,60812
CAND-772,58,Female,High School,22,63,LinkedIn,Software Engineer,0,49,56,3,4,0,management,referral,2,4,26059
CAND-773,21,Male,Bachelor,4,45,Employee Referral,QA Engineer,0,59,61,11,3,0,management,recruiter,3,1,96269
CAND-774,48,Male,Bachelor,8,44,Employee Referral,Data Scientist,0,51,50,7,2,0,tech,recruiter,1,3,50768
CAND-775,53,Female,Bachelor,11,69,Employee Referral,Data Scientist,0,87,37,1,2,3,tech,portal,1,4,35395
CAND-776,57,Male,Bachelor,7,59,LinkedIn,Data Scientist,1,85,79,8,3,0,tech,portal,1,1,30202
CAND-777,37,Male,Bachelor,2,55,Company Website,Data Scientist,0,73,73,5,3,18,non-tech,recruiter,2,2,23273
CAND-778,25,Male,Bachelor,3,40,LinkedIn,Product Manager,1,85,87,8,3,6,tech,portal,1,3,58889
CAND-779,31,Male,High School,5,66,LinkedIn,Software Engineer,0,40,32,7,2,3,tech,recruiter,2,3,83048
CAND-780,53,Female,High School,6,48,Employee Referral,Data Scientist,0,41,31,6,3,3,tech,recruiter,2,4,98810
CAND-781,54,Female,Bachelor,12,64,Company Website,HR Analyst,0,85,73,0,0,12,tech,referral,3,4,55510
CAND-782,45,Male,Master,6,65,Employee Referral,Software Engineer,0,76,31,11,4,0,tech,recruiter,2,2,97945
CAND-783,25,Female,PhD,2,47,LinkedIn,Data Scientist,0,98,64,2,4,12,tech,referral,1,1,80649
CAND-784,25,Male,Master,4,51,Recruiter,Product Manager,0,49,59,10,1,6,tech,referral,2,3,12881
CAND-785,39,Female,Bachelor,7,58,Recruiter,HR Analyst,0,63,37,1,1,6,tech,portal,3,3,55913
CAND-786,43,Female,Bachelor,12,86,Company Website,Product Manager,0,67,51,4,4,3,tech,portal,2,3,94785
CAND-787,22,Female,Bachelor,0,50,Employee Referral,QA Engineer,0,61,73,4,0,0,tech,portal,3,2,75037
CAND-788,47,Female,Master,10,76,LinkedIn,Software Engineer,1,70,87,4,2,0,management,referral,3,3,72457
CAND-789,41,Female,Master,2,63,Employee Referral,Data Scientist,0,63,65,3,2,6,non-tech,portal,1,3,45343
CAND-790,21,Female,Master,0,53,Employee Referral,HR Analyst,0,72,60,4,0,0,tech,portal,2,3,72389
CAND-791,24,Male,Master,4,48,Employee Referral,HR Analyst,1,91,76,2,2,6,tech,portal,1,3,88250
CAND-792,38,Female,Bachelor,13,73,Employee Referral,Product Manager,1,61,84,11,3,0,non-tech,referral,2,3,18656
CAND-793,48,Female,Master,13,55,Company Website,Data Scientist,1,89,91,0,4,0,management,recruiter,1,3,15741
CAND-794,52,Female,Master,12,78,Employee Referral,Data Scientist,0,67,59,4,4,0,management,recruiter,2,1,26661
CAND-795,37,Female,Bachelor,8,60,Employee Referral,Software Engineer,0,44,84,8,0,0,non-tech,referral,3,1,38690
CAND-796,32,Female,Master,4,35,LinkedIn,HR Analyst,0,39,45,8,2,3,tech,recruiter,1,3,42833
CAND-797,57,Male,High School,11,56,LinkedIn,QA Engineer,0,72,41,3,1,0,tech,referral,3,3,81240
CAND-798,38,Female,PhD,5,63,Employee Referral,Data Scientist,0,47,46,2,1,36,tech,referral,1,3,87711
CAND-799,32,Male,Master,3,52,Company Website,Software Engineer,0,65,45,0,2,3,management,referral,1,3,67141
CAND-800,37,Male,High School,6,58,Company Website,Data Scientist,0,81,41,1,1,0,non-tech,portal,3,3,88232
CAND-801,21,Female,Bachelor,0,41,Recruiter,Software Engineer,0,86,37,7,0,3,non-tech,recruiter,2,4,49023
CAND-802,32,Female,High School,5,41,Employee Referral,QA Engineer,0,90,32,0,0,18,tech,portal,2,2,50209
CAND-803,40,Female,Master,5,56,Company Website,Product Manager,0,49,45,7,2,6,non-tech,referral,1,2,96612
CAND-804,55,Male,Master,16,71,Company Website,Software Engineer,0,63,59,6,1,0,tech,referral,2,2,90522
CAND-805,49,Female,Bachelor,10,58,Company Website,Product Manager,0,42,52,7,0,18,tech,portal,2,3,24440
CAND-806,50,Male,Master,14,78,Employee Referral,HR Analyst,0,39,34,11,0,6,tech,portal,2,3,17960
CAND-807,41,Male,High School,9,49,Company Website,Software Engineer,1,63,94,5,3,0,non-tech,referral,2,2,32462
CAND-808,25,Male,Bachelor,6,58,Company Website,Data Scientist,1,81,59,11,3,0,tech,portal,3,3,27821
CAND-809,35,Male,Bachelor,3,52,Employee Referral,Data Scientist,0,79,50,8,0,3,management,referral,2,2,67772
CAND-810,58,Non-binary,High School,10,45,Employee Referral,Software Engineer,0,36,51,2,2,0,tech,referral,3,3,37258
CAND-811,22,Female,Bachelor,0,37,Employee Referral,Data Scientist,0,61,61,9,4,12,non-tech,referral,2,3,98952
CAND-812,54,Female,Bachelor,10,61,LinkedIn,Product Manager,0,70,62,3,4,0,non-tech,referral,2,4,72524
CAND-813,47,Female,Bachelor,7,73,Employee Referral,Software Engineer,0,70,45,5,0,18,tech,referral,1,1,32115
CAND-814,31,Male,Bachelor,4,58,Company Website,Software Engineer,0,60,67,7,0,3,non-tech,referral,2,4,56433
CAND-815,50,Male,Master,6,44,LinkedIn,QA Engineer,0,77,43,4,0,0,non-tech,referral,3,4,98267
CAND-816,52,Male,Bachelor,7,35,Employee Referral,Data Scientist,0,61,65,2,2,0,non-tech,recruiter,1,2,98321
CAND-817,22,Female,Master,0,56,Employee Referral,Product Manager,0,54,52,5,3,3,management,referral,1,2,89364
CAND-818,25,Non-binary,Bachelor,0,47,Company Website,Product Manager,0,45,31,3,0,6,non-tech,recruiter,2,3,80077
CAND-819,46,Male,Bachelor,13,73,Employee Referral,QA Engineer,1,72,94,8,0,6,tech,portal,1,4,50644
CAND-820,58,Male,Bachelor,8,51,LinkedIn,QA Engineer,0,40,81,2,1,0,non-tech,referral,3,4,72643
CAND-821,21,Non-binary,Bachelor,0,51,LinkedIn,QA Engineer,0,57,91,3,2,0,tech,recruiter,3,3,23311
CAND-822,46,Female,Bachelor,17,76,LinkedIn,Product Manager,0,81,52,6,0,0,tech,portal,2,4,40531
CAND-823,26,Female,Bachelor,2,47,Company Website,Data Scientist,0,80,55,6,1,3,tech,portal,1,1,24588
CAND-824,45,Male,High School,11,55,Employee Referral,Data Scientist,1,46,84,11,4,0,non-tech,referral,2,1,59416
CAND-825,44,Female,Bachelor,13,64,Employee Referral,Data Scientist,0,47,35,11,0,0,non-tech,portal,2,5,22380
CAND-826,24,Female,Bachelor,5,59,Employee Referral,Data Scientist,0,96,64,3,0,3,tech,portal,3,4,52645
CAND-827,46,Female,Bachelor,4,53,LinkedIn,Software Engineer,0,94,51,5,1,18,non-tech,recruiter,2,3,27818
CAND-828,55,Female,Master,13,75,Company Website,Data Scientist,0,77,72,11,2,0,management,referral,2,4,40857
CAND-829,53,Male,Bachelor,8,54,LinkedIn,Data Scientist,0,39,44,2,0,0,tech,portal,2,5,31711
CAND-830,22,Male,PhD,8,51,Employee Referral,Software Engineer,1,71,89,5,4,3,tech,recruiter,3,4,15097
CAND-831,30,Female,Master,0,66,LinkedIn,Software Engineer,0,65,41,11,0,3,non-tech,recruiter,2,4,38393
CAND-832,30,Female,PhD,1,48,Company Website,QA Engineer,0,43,78,1,4,0,tech,referral,2,4,32076
CAND-833,38,Female,Master,5,52,Employee Referral,Product Manager,1,85,71,7,3,18,non-tech,portal,1,2,94274
CAND-834,26,Male,High School,0,44,Employee Referral,QA Engineer,0,63,67,1,3,12,tech,recruiter,2,4,67609
CAND-835,53,Male,Bachelor,17,70,LinkedIn,Product Manager,1,74,74,10,4,0,tech,referral,2,2,39317
CAND-836,50,Male,High School,15,61,LinkedIn,QA Engineer,1,75,64,6,2,0,non-tech,referral,2,4,68480
CAND-837,51,Female,Master,7,59,Employee Referral,QA Engineer,0,45,59,8,0,3,non-tech,recruiter,2,3,17044
CAND-838,28,Female,Bachelor,1,49,Company Website,Software Engineer,0,57,59,0,0,6,non-tech,referral,1,3,81033
CAND-839,21,Female,Bachelor,0,49,LinkedIn,HR Analyst,0,35,35,7,3,0,management,portal,1,3,65486
CAND-840,55,Male,Master,16,52,Employee Referral,Software Engineer,0,80,36,6,4,3,non-tech,referral,1,1,65162
CAND-841,31,Male,High School,5,66,Company Website,Product Manager,0,55,81,5,0,3,non-tech,portal,1,2,89287
CAND-842,45,Male,Bachelor,10,59,Company Website,QA Engineer,0,70,43,5,0,0,tech,recruiter,2,5,39882
CAND-843,55,Male,Master,16,75,LinkedIn,Data Scientist,0,88,44,5,2,3,non-tech,referral,1,5,64078
CAND-844,22,Female,High School,3,38,Company Website,Product Manager,0,91,50,8,1,24,tech,portal,1,3,68734
CAND-845,21,Female,Bachelor,3,48,LinkedIn,Data Scientist,0,35,64,1,3,0,non-tech,referral,3,5,53826
CAND-846,21,Female,Master,1,46,LinkedIn,Software Engineer,0,97,31,0,3,0,tech,portal,2,4,97985
CAND-847,26,Female,High School,0,57,Company Website,Software Engineer,1,88,64,11,1,0,non-tech,portal,2,3,54028
CAND-848,22,Female,Bachelor,4,48,Company Website,Software Engineer,0,89,49,5,0,18,tech,referral,2,1,61331
CAND-849,52,Male,Bachelor,9,65,Recruiter,Software Engineer,0,74,39,9,2,24,non-tech,portal,2,5,42543
CAND-850,44,Female,Bachelor,9,54,Recruiter,Product Manager,0,49,54,10,2,0,management,recruiter,1,3,39362
CAND-851,58,Female,High School,20,66,LinkedIn,Data Scientist,0,55,54,7,3,6,tech,portal,3,4,37315
CAND-852,51,Male,Master,5,55,LinkedIn,Data Scientist,1,81,83,2,2,3,management,referral,1,4,37746
CAND-853,57,Male,Master,14,78,Employee Referral,Product Manager,1,87,62,11,1,3,tech,recruiter,2,4,20057
CAND-854,30,Female,Bachelor,3,37,Recruiter,Software Engineer,0,43,65,9,0,0,non-tech,referral,2,3,52915
CAND-855,31,Male,Bachelor,3,41,Employee Referral,Software Engineer,0,86,43,0,1,0,management,referral,2,2,31061
CAND-856,53,Male,Bachelor,15,51,LinkedIn,QA Engineer,1,91,94,8,4,0,tech,recruiter,2,3,61370
CAND-857,30,Male,Master,5,48,LinkedIn,HR Analyst,0,60,83,0,3,3,management,portal,2,3,44157
CAND-858,23,Male,Bachelor,5,48,LinkedIn,Data Scientist,1,75,81,2,2,0,tech,portal,1,1,21322
CAND-859,46,Female,High School,8,42,Employee Referral,Software Engineer,0,69,32,7,4,18,tech,referral,2,3,79812
CAND-860,51,Male,High School,15,58,Company Website,QA Engineer,1,97,70,2,2,0,management,portal,3,3,87842
CAND-861,57,Female,PhD,13,52,Company Website,HR Analyst,0,59,35,3,0,0,tech,recruiter,3,4,44017
CAND-862,56,Male,Bachelor,11,54,Company Website,Data Scientist,0,72,54,7,0,3,management,portal,1,2,66792
CAND-863,25,Male,Master,3,64,LinkedIn,Software Engineer,0,36,42,0,0,6,management,recruiter,2,3,37742
CAND-864,50,Female,Bachelor,16,71,Company Website,Software Engineer,0,41,37,5,2,0,tech,recruiter,3,1,74808
CAND-865,53,Female,Master,11,66,LinkedIn,Product Manager,0,68,50,0,4,0,non-tech,portal,2,1,27629
CAND-866,47,Male,High School,10,49,Company Website,HR Analyst,0,51,54,0,0,24,tech,referral,2,1,18245
CAND-867,52,Male,High School,6,40,Employee Referral,Product Manager,1,77,74,7,4,0,tech,portal,3,4,53870
CAND-868,52,Female,Master,14,59,Employee Referral,Data Scientist,1,93,89,10,2,0,tech,referral,3,1,74829
CAND-869,37,Male,Master,9,61,LinkedIn,Product Manager,0,85,41,3,4,12,tech,portal,2,4,20588
CAND-870,22,Male,Bachelor,2,57,Employee Referral,QA Engineer,1,88,61,11,2,0,tech,recruiter,2,2,10442
CAND-871,38,Male,Bachelor,8,65,Employee Referral,Data Scientist,0,58,42,0,2,0,tech,recruiter,2,4,87339
CAND-872,28,Male,Bachelor,0,53,LinkedIn,QA Engineer,0,59,60,9,3,0,management,portal,2,4,50721
CAND-873,25,Female,Bachelor,3,46,LinkedIn,Data Scientist,0,86,49,6,2,0,non-tech,portal,1,5,47145
CAND-874,25,Male,Bachelor,3,52,Company Website,Data Scientist,0,67,47,4,2,0,non-tech,recruiter,1,4,20599
CAND-875,47,Female,Master,5,54,LinkedIn,Product Manager,1,83,89,4,1,0,non-tech,portal,2,5,82594
CAND-876,40,Male,Bachelor,12,61,LinkedIn,Data Scientist,1,63,92,0,0,0,non-tech,recruiter,1,4,92742
CAND-877,41,Female,Master,8,77,LinkedIn,HR Analyst,0,97,35,9,3,0,tech,referral,2,3,87430
CAND-878,49,Male,High School,6,38,LinkedIn,Data Scientist,0,56,61,10,3,6,non-tech,portal,2,2,12939
CAND-879,41,Female,High School,9,54,Company Website,Data Scientist,0,60,72,5,3,0,management,recruiter,2,2,32149
CAND-880,44,Female,Bachelor,7,66,Company Website,Data Scientist,0,62,31,8,1,0,tech,referral,2,2,76567
CAND-881,24,Male,Bachelor,1,38,LinkedIn,Product Manager,1,83,89,8,2,18,non-tech,recruiter,3,3,20208
CAND-882,53,Male,Bachelor,18,65,Employee Referral,Data Scientist,1,83,52,7,0,3,non-tech,recruiter,1,3,76098
CAND-883,38,Male,High School,3,45,LinkedIn,QA Engineer,0,54,60,4,4,0,management,portal,2,4,59492
CAND-884,26,Non-binary,Master,1,50,LinkedIn,Data Scientist,0,97,34,0,2,24,non-tech,portal,3,5,30951
CAND-885,51,Non-binary,Master,16,58,LinkedIn,Data Scientist,1,95,63,8,1,0,tech,recruiter,2,3,58920
CAND-886,48,Male,Master,15,74,Employee Referral,Product Manager,0,83,39,0,2,0,tech,recruiter,2,3,56766
CAND-887,23,Female,High School,4,55,Recruiter,Software Engineer,0,35,31,7,2,6,tech,portal,3,5,67014
CAND-888,28,Male,Bachelor,2,55,Company Website,Product Manager,0,47,40,4,1,3,non-tech,recruiter,1,2,38351
CAND-889,21,Male,Bachelor,1,42,LinkedIn,Data Scientist,1,85,79,2,3,0,tech,referral,2,4,94216
CAND-890,31,Female,Bachelor,2,51,LinkedIn,Data Scientist,0,90,60,10,3,0,management,portal,2,2,59386
CAND-891,24,Female,Bachelor,0,41,LinkedIn,Product Manager,1,96,85,6,0,3,tech,recruiter,1,3,97122
CAND-892,47,Male,High School,4,47,Employee Referral,QA Engineer,0,66,38,6,0,0,tech,portal,3,2,19308
CAND-893,40,Male,Bachelor,9,76,LinkedIn,QA Engineer,0,64,50,8,3,18,tech,recruiter,3,4,69252
CAND-894,58,Male,Bachelor,5,55,Recruiter,Data Scientist,0,63,57,6,4,0,non-tech,portal,2,3,85145
CAND-895,49,Non-binary,Bachelor,9,50,Company Website,Data Scientist,1,83,91,10,2,18,tech,referral,1,2,93211
CAND-896,44,Male,Bachelor,10,62,Company Website,Product Manager,0,79,36,2,4,3,tech,portal,1,2,38064
CAND-897,40,Female,Bachelor,9,48,Employee Referral,Product Manager,0,64,45,10,2,12,tech,referral,2,3,63879
CAND-898,23,Female,Bachelor,7,47,LinkedIn,Product Manager,0,50,33,0,3,6,tech,referral,1,5,18720
CAND-899,23,Female,Bachelor,1,41,Employee Referral,Product Manager,0,74,33,7,0,3,tech,portal,2,4,52940
CAND-900,44,Female,Bachelor,7,53,LinkedIn,QA Engineer,0,53,69,11,0,0,non-tech,referral,2,3,89993
